Run,Implementation,Mode,TestName,Status,ErrorIEV,OutputFile,packet_event,packet_event_retry,packet_event_vn,packet_event_0rtt,packet_event_coal_0rtt,frame.stream,ivy_error,implementation_error,app_send_event,tls_recv_event,recv_packet,recv_packet_retry,handshake_done,tls.finished,recv_packet_vn,recv_packet_0rtt,undecryptable_packet_event,version_not_found_event,NbPktSend,isPass,version_not_found
0,quinn,server,quic_server_test_0rtt,,,/QUIC-FormalVerification/QUIC-Ivy/doc/examples/quic/test/temp/0/quic_server_test_0rtt0.iev,1,0,0,0,0,0,1,0,0,0,0,0,0,0,0,0,0,,1.0,0.0,0.0
1,quinn,server,quic_server_test_0rtt,,,/QUIC-FormalVerification/QUIC-Ivy/doc/examples/quic/test/temp/1/quic_server_test_0rtt1.iev,1,0,0,0,0,0,1,0,0,0,0,0,0,0,0,0,0,,1.0,0.0,0.0
2,quinn,server,quic_server_test_0rtt,,,/QUIC-FormalVerification/QUIC-Ivy/doc/examples/quic/test/temp/2/quic_server_test_0rtt2.iev,1,0,0,0,0,0,1,0,0,0,0,0,0,0,0,0,0,,1.0,0.0,0.0
3,quinn,server,quic_server_test_0rtt,,,/QUIC-FormalVerification/QUIC-Ivy/doc/examples/quic/test/temp/3/quic_server_test_0rtt3.iev,19,0,0,0,1,8,0,0,0,61,27,0,0,4,0,0,4,,43.0,0.0,0.0
4,quinn,server,quic_server_test_0rtt,,,/QUIC-FormalVerification/QUIC-Ivy/doc/examples/quic/test/temp/4/quic_server_test_0rtt4.iev,26,0,0,0,1,13,0,0,0,72,43,0,0,4,0,0,0,,66.0,1.0,0.0
5,quinn,server,quic_server_test_0rtt,,,/QUIC-FormalVerification/QUIC-Ivy/doc/examples/quic/test/temp/5/quic_server_test_0rtt5.iev,28,0,0,0,1,11,0,0,0,70,40,0,0,4,0,0,2,,65.0,1.0,0.0
6,quinn,server,quic_server_test_0rtt,,,/QUIC-FormalVerification/QUIC-Ivy/doc/examples/quic/test/temp/6/quic_server_test_0rtt6.iev,27,0,0,0,1,8,0,0,0,92,35,0,0,4,0,0,4,,59.0,1.0,0.0
7,quinn,server,quic_server_test_0rtt,,"ivy_return_code(1) assumption_failed("""")",/QUIC-FormalVerification/QUIC-Ivy/doc/examples/quic/test/temp/7/quic_server_test_0rtt7.iev,24,0,0,0,1,12,1,0,0,29,39,0,0,4,0,0,0,,58.0,0.0,0.0
8,quinn,server,quic_server_test_0rtt,,,/QUIC-FormalVerification/QUIC-Ivy/doc/examples/quic/test/temp/8/quic_server_test_0rtt8.iev,24,0,0,0,1,9,0,0,0,87,35,0,0,4,0,0,0,,54.0,1.0,0.0
9,quinn,server,quic_server_test_0rtt,,,/QUIC-FormalVerification/QUIC-Ivy/doc/examples/quic/test/temp/9/quic_server_test_0rtt9.iev,24,0,0,0,1,10,0,0,0,86,34,0,0,4,0,0,0,,55.0,1.0,0.0
10,quinn,server,quic_server_test_0rtt,,"ivy_return_code(1) assumption_failed("""")",/QUIC-FormalVerification/QUIC-Ivy/doc/examples/quic/test/temp/10/quic_server_test_0rtt10.iev,23,0,0,0,1,9,1,0,0,41,25,0,0,4,0,0,0,,43.0,0.0,0.0
11,quinn,server,quic_server_test_0rtt,,,/QUIC-FormalVerification/QUIC-Ivy/doc/examples/quic/test/temp/11/quic_server_test_0rtt11.iev,29,0,0,0,1,9,0,0,0,73,41,0,0,4,0,0,2,,67.0,1.0,0.0
12,quinn,server,quic_server_test_0rtt,,,/QUIC-FormalVerification/QUIC-Ivy/doc/examples/quic/test/temp/12/quic_server_test_0rtt12.iev,24,0,0,0,1,11,0,0,0,80,45,0,0,4,0,0,2,,66.0,1.0,0.0
13,quinn,server,quic_server_test_0rtt,,,/QUIC-FormalVerification/QUIC-Ivy/doc/examples/quic/test/temp/13/quic_server_test_0rtt13.iev,14,0,0,0,1,12,0,0,0,122,21,0,0,4,0,0,0,,30.0,1.0,0.0
14,quinn,server,quic_server_test_0rtt,,,/QUIC-FormalVerification/QUIC-Ivy/doc/examples/quic/test/temp/14/quic_server_test_0rtt14.iev,20,0,0,0,1,14,0,0,0,101,27,0,0,4,0,0,0,,43.0,1.0,0.0
15,quinn,server,quic_server_test_0rtt,,,/QUIC-FormalVerification/QUIC-Ivy/doc/examples/quic/test/temp/15/quic_server_test_0rtt15.iev,28,0,0,0,1,14,0,0,0,73,39,0,0,4,0,0,2,,64.0,1.0,0.0
16,quinn,server,quic_server_test_0rtt,,,/QUIC-FormalVerification/QUIC-Ivy/doc/examples/quic/test/temp/16/quic_server_test_0rtt16.iev,26,0,0,0,1,11,0,0,0,85,34,0,0,4,0,0,0,,57.0,1.0,0.0
17,quinn,server,quic_server_test_0rtt,,,/QUIC-FormalVerification/QUIC-Ivy/doc/examples/quic/test/temp/17/quic_server_test_0rtt17.iev,22,0,0,0,1,13,0,0,0,97,29,0,0,4,0,0,0,,48.0,1.0,0.0
18,quinn,server,quic_server_test_0rtt,,,/QUIC-FormalVerification/QUIC-Ivy/doc/examples/quic/test/temp/18/quic_server_test_0rtt18.iev,22,0,0,0,1,12,0,0,0,89,34,0,0,4,0,0,0,,51.0,1.0,0.0
19,quinn,server,quic_server_test_0rtt,,,/QUIC-FormalVerification/QUIC-Ivy/doc/examples/quic/test/temp/19/quic_server_test_0rtt19.iev,18,0,0,0,1,9,0,0,0,108,27,0,0,4,0,0,0,,42.0,1.0,0.0
20,quinn,server,quic_server_test_0rtt,,,/QUIC-FormalVerification/QUIC-Ivy/doc/examples/quic/test/temp/20/quic_server_test_0rtt20.iev,11,0,0,0,1,14,0,0,0,115,23,0,0,4,0,0,0,,29.0,0.0,0.0
21,quinn,server,quic_server_test_0rtt,,,/QUIC-FormalVerification/QUIC-Ivy/doc/examples/quic/test/temp/21/quic_server_test_0rtt21.iev,24,0,0,0,1,13,0,0,0,71,45,0,0,4,0,0,2,,67.0,1.0,0.0
22,quinn,server,quic_server_test_0rtt,,"ivy_return_code(1) assumption_failed("""")",/QUIC-FormalVerification/QUIC-Ivy/doc/examples/quic/test/temp/22/quic_server_test_0rtt22.iev,22,0,0,0,1,11,1,0,0,38,35,0,0,4,0,0,0,,53.0,0.0,0.0
23,quinn,server,quic_server_test_0rtt,,,/QUIC-FormalVerification/QUIC-Ivy/doc/examples/quic/test/temp/23/quic_server_test_0rtt23.iev,27,0,0,0,1,12,0,0,0,75,39,0,0,4,0,0,0,,63.0,1.0,0.0
24,quinn,server,quic_server_test_0rtt,,,/QUIC-FormalVerification/QUIC-Ivy/doc/examples/quic/test/temp/24/quic_server_test_0rtt24.iev,27,0,0,0,1,14,0,0,0,69,45,0,0,4,0,0,4,,68.0,1.0,0.0
25,quinn,server,quic_server_test_0rtt,,,/QUIC-FormalVerification/QUIC-Ivy/doc/examples/quic/test/temp/25/quic_server_test_0rtt25.iev,24,0,0,0,1,12,0,0,0,87,35,0,0,4,0,0,0,,56.0,1.0,0.0
26,quinn,server,quic_server_test_0rtt,,,/QUIC-FormalVerification/QUIC-Ivy/doc/examples/quic/test/temp/26/quic_server_test_0rtt26.iev,30,0,0,0,1,14,0,0,0,78,37,0,0,4,0,0,0,,63.0,1.0,0.0
27,quinn,server,quic_server_test_0rtt,,,/QUIC-FormalVerification/QUIC-Ivy/doc/examples/quic/test/temp/27/quic_server_test_0rtt27.iev,17,0,0,0,1,9,0,0,0,125,19,0,0,4,0,0,0,,33.0,1.0,0.0
28,quinn,server,quic_server_test_0rtt,,,/QUIC-FormalVerification/QUIC-Ivy/doc/examples/quic/test/temp/28/quic_server_test_0rtt28.iev,23,0,0,0,1,12,0,0,0,94,30,0,0,4,0,0,0,,50.0,1.0,0.0
29,quinn,server,quic_server_test_0rtt,,,/QUIC-FormalVerification/QUIC-Ivy/doc/examples/quic/test/temp/29/quic_server_test_0rtt29.iev,25,0,0,0,1,13,0,0,0,80,37,0,0,4,0,0,2,,58.0,1.0,0.0
30,quinn,server,quic_server_test_0rtt,,,/QUIC-FormalVerification/QUIC-Ivy/doc/examples/quic/test/temp/30/quic_server_test_0rtt30.iev,23,0,0,0,1,13,0,0,0,76,40,0,0,4,0,0,0,,59.0,1.0,0.0
31,quinn,server,quic_server_test_0rtt,,,/QUIC-FormalVerification/QUIC-Ivy/doc/examples/quic/test/temp/31/quic_server_test_0rtt31.iev,29,0,0,0,1,12,0,0,0,81,33,0,0,4,0,0,0,,59.0,1.0,0.0
32,quinn,server,quic_server_test_0rtt,,,/QUIC-FormalVerification/QUIC-Ivy/doc/examples/quic/test/temp/32/quic_server_test_0rtt32.iev,27,0,0,0,1,11,0,0,0,86,34,0,0,4,0,0,0,,58.0,1.0,0.0
33,quinn,server,quic_server_test_0rtt,,,/QUIC-FormalVerification/QUIC-Ivy/doc/examples/quic/test/temp/33/quic_server_test_0rtt33.iev,24,0,0,0,1,9,0,0,0,98,29,0,0,4,0,0,0,,50.0,1.0,0.0
34,quinn,server,quic_server_test_0rtt,,,/QUIC-FormalVerification/QUIC-Ivy/doc/examples/quic/test/temp/34/quic_server_test_0rtt34.iev,16,0,0,0,1,14,0,0,0,109,25,0,0,4,0,0,0,,38.0,1.0,0.0
35,quinn,server,quic_server_test_0rtt,,,/QUIC-FormalVerification/QUIC-Ivy/doc/examples/quic/test/temp/35/quic_server_test_0rtt35.iev,22,0,0,0,1,8,0,0,0,109,25,0,0,4,0,0,0,,44.0,1.0,0.0
36,quinn,server,quic_server_test_0rtt,,,/QUIC-FormalVerification/QUIC-Ivy/doc/examples/quic/test/temp/36/quic_server_test_0rtt36.iev,20,0,0,0,1,12,0,0,0,98,30,0,0,4,0,0,0,,47.0,1.0,0.0
37,quinn,server,quic_server_test_0rtt,,,/QUIC-FormalVerification/QUIC-Ivy/doc/examples/quic/test/temp/37/quic_server_test_0rtt37.iev,30,0,0,0,1,9,0,0,0,88,31,0,0,4,0,0,0,,58.0,1.0,0.0
38,quinn,server,quic_server_test_0rtt,,,/QUIC-FormalVerification/QUIC-Ivy/doc/examples/quic/test/temp/38/quic_server_test_0rtt38.iev,22,0,0,0,1,14,0,0,0,89,36,0,0,4,0,0,0,,55.0,1.0,0.0
39,quinn,server,quic_server_test_0rtt,,,/QUIC-FormalVerification/QUIC-Ivy/doc/examples/quic/test/temp/39/quic_server_test_0rtt39.iev,25,0,0,0,1,13,0,0,0,78,36,0,0,4,0,0,0,,58.0,1.0,0.0
40,quinn,server,quic_server_test_0rtt,,,/QUIC-FormalVerification/QUIC-Ivy/doc/examples/quic/test/temp/40/quic_server_test_0rtt40.iev,25,0,0,0,1,12,0,0,0,83,39,0,0,4,0,0,2,,61.0,1.0,0.0
41,quinn,server,quic_server_test_0rtt,,,/QUIC-FormalVerification/QUIC-Ivy/doc/examples/quic/test/temp/41/quic_server_test_0rtt41.iev,22,0,0,0,1,8,0,0,0,101,29,0,0,4,0,0,0,,48.0,1.0,0.0
42,quinn,server,quic_server_test_0rtt,,,/QUIC-FormalVerification/QUIC-Ivy/doc/examples/quic/test/temp/42/quic_server_test_0rtt42.iev,18,0,0,0,1,12,0,0,0,97,31,0,0,4,0,0,0,,46.0,1.0,0.0
43,quinn,server,quic_server_test_0rtt,,,/QUIC-FormalVerification/QUIC-Ivy/doc/examples/quic/test/temp/43/quic_server_test_0rtt43.iev,20,0,0,0,1,11,0,0,0,105,29,0,0,4,0,0,0,,46.0,1.0,0.0
44,quinn,server,quic_server_test_0rtt,,,/QUIC-FormalVerification/QUIC-Ivy/doc/examples/quic/test/temp/44/quic_server_test_0rtt44.iev,20,0,0,0,1,13,0,0,0,88,36,0,0,4,0,0,0,,53.0,1.0,0.0
45,quinn,server,quic_server_test_0rtt,,,/QUIC-FormalVerification/QUIC-Ivy/doc/examples/quic/test/temp/45/quic_server_test_0rtt45.iev,28,0,0,0,1,12,0,0,0,81,35,0,0,4,0,0,0,,58.0,1.0,0.0
46,quinn,server,quic_server_test_0rtt,,,/QUIC-FormalVerification/QUIC-Ivy/doc/examples/quic/test/temp/46/quic_server_test_0rtt46.iev,32,0,0,0,1,14,0,0,0,67,49,0,0,4,0,0,2,,78.0,1.0,0.0
47,quinn,server,quic_server_test_0rtt,,,/QUIC-FormalVerification/QUIC-Ivy/doc/examples/quic/test/temp/47/quic_server_test_0rtt47.iev,24,0,0,0,1,10,0,0,0,89,34,0,0,4,0,0,2,,57.0,1.0,0.0
48,quinn,server,quic_server_test_0rtt,,,/QUIC-FormalVerification/QUIC-Ivy/doc/examples/quic/test/temp/48/quic_server_test_0rtt48.iev,22,0,0,0,1,14,0,0,0,95,33,0,0,4,0,0,0,,52.0,1.0,0.0
49,quinn,server,quic_server_test_0rtt,,,/QUIC-FormalVerification/QUIC-Ivy/doc/examples/quic/test/temp/49/quic_server_test_0rtt49.iev,29,0,0,0,1,12,0,0,0,73,43,0,0,4,0,0,2,,69.0,1.0,0.0
50,quinn,server,quic_server_test_0rtt,,,/QUIC-FormalVerification/QUIC-Ivy/doc/examples/quic/test/temp/50/quic_server_test_0rtt50.iev,28,0,0,0,1,12,0,0,0,76,40,0,0,4,0,0,2,,65.0,1.0,0.0
51,quinn,server,quic_server_test_0rtt,,,/QUIC-FormalVerification/QUIC-Ivy/doc/examples/quic/test/temp/51/quic_server_test_0rtt51.iev,24,0,0,0,1,12,0,0,0,95,29,0,0,4,0,0,2,,50.0,1.0,0.0
52,quinn,server,quic_server_test_0rtt,,,/QUIC-FormalVerification/QUIC-Ivy/doc/examples/quic/test/temp/52/quic_server_test_0rtt52.iev,18,0,0,0,1,14,0,0,0,99,30,0,0,4,0,0,0,,45.0,1.0,0.0
53,quinn,server,quic_server_test_0rtt,,,/QUIC-FormalVerification/QUIC-Ivy/doc/examples/quic/test/temp/53/quic_server_test_0rtt53.iev,22,0,0,0,1,11,0,0,0,104,26,0,0,4,0,0,0,,45.0,1.0,0.0
54,quinn,server,quic_server_test_0rtt,,,/QUIC-FormalVerification/QUIC-Ivy/doc/examples/quic/test/temp/54/quic_server_test_0rtt54.iev,18,0,0,0,1,11,0,0,0,91,33,0,0,4,0,0,0,,48.0,0.0,0.0
55,quinn,server,quic_server_test_0rtt,,,/QUIC-FormalVerification/QUIC-Ivy/doc/examples/quic/test/temp/55/quic_server_test_0rtt55.iev,28,0,0,0,1,12,0,0,0,77,41,0,0,4,0,0,2,,66.0,1.0,0.0
56,quinn,server,quic_server_test_0rtt,,"ivy_return_code(1) assumption_failed("""")",/QUIC-FormalVerification/QUIC-Ivy/doc/examples/quic/test/temp/56/quic_server_test_0rtt56.iev,30,0,0,0,1,13,1,0,0,35,34,0,0,4,0,0,0,,59.0,0.0,0.0
57,quinn,server,quic_server_test_0rtt,,,/QUIC-FormalVerification/QUIC-Ivy/doc/examples/quic/test/temp/57/quic_server_test_0rtt57.iev,28,0,0,0,1,12,0,0,0,78,39,0,0,4,0,0,2,,64.0,1.0,0.0
58,quinn,server,quic_server_test_0rtt,,,/QUIC-FormalVerification/QUIC-Ivy/doc/examples/quic/test/temp/58/quic_server_test_0rtt58.iev,22,0,0,0,1,13,0,0,0,85,38,0,0,4,0,0,0,,55.0,1.0,0.0
59,quinn,server,quic_server_test_0rtt,,,/QUIC-FormalVerification/QUIC-Ivy/doc/examples/quic/test/temp/59/quic_server_test_0rtt59.iev,28,0,0,0,1,12,0,0,0,75,44,0,0,4,0,0,2,,69.0,1.0,0.0
60,quinn,server,quic_server_test_0rtt,,,/QUIC-FormalVerification/QUIC-Ivy/doc/examples/quic/test/temp/60/quic_server_test_0rtt60.iev,29,0,0,0,1,14,0,0,0,65,45,0,0,4,0,0,2,,69.0,1.0,0.0
61,quinn,server,quic_server_test_0rtt,,,/QUIC-FormalVerification/QUIC-Ivy/doc/examples/quic/test/temp/61/quic_server_test_0rtt61.iev,22,0,0,0,1,12,0,0,0,97,29,0,0,4,0,0,0,,48.0,1.0,0.0
62,quinn,server,quic_server_test_0rtt,,,/QUIC-FormalVerification/QUIC-Ivy/doc/examples/quic/test/temp/62/quic_server_test_0rtt62.iev,31,0,0,0,1,12,0,0,0,69,41,0,0,4,0,0,2,,70.0,1.0,0.0
63,quinn,server,quic_server_test_0rtt,,,/QUIC-FormalVerification/QUIC-Ivy/doc/examples/quic/test/temp/63/quic_server_test_0rtt63.iev,25,0,0,0,1,12,0,0,0,76,41,0,0,4,0,0,2,,61.0,1.0,0.0
64,quinn,server,quic_server_test_0rtt,,,/QUIC-FormalVerification/QUIC-Ivy/doc/examples/quic/test/temp/64/quic_server_test_0rtt64.iev,23,0,0,0,1,14,0,0,0,76,43,0,0,4,0,0,0,,63.0,1.0,0.0
65,quinn,server,quic_server_test_0rtt,,,/QUIC-FormalVerification/QUIC-Ivy/doc/examples/quic/test/temp/65/quic_server_test_0rtt65.iev,22,0,0,0,1,8,0,0,0,113,23,0,0,4,0,0,0,,42.0,1.0,0.0
66,quinn,server,quic_server_test_0rtt,,,/QUIC-FormalVerification/QUIC-Ivy/doc/examples/quic/test/temp/66/quic_server_test_0rtt66.iev,18,0,0,0,1,12,0,0,0,106,29,0,0,4,0,0,0,,44.0,1.0,0.0
67,quinn,server,quic_server_test_0rtt,,,/QUIC-FormalVerification/QUIC-Ivy/doc/examples/quic/test/temp/67/quic_server_test_0rtt67.iev,29,0,0,0,1,9,0,0,0,84,36,0,0,4,0,0,2,,62.0,1.0,0.0
68,quinn,server,quic_server_test_0rtt,,,/QUIC-FormalVerification/QUIC-Ivy/doc/examples/quic/test/temp/68/quic_server_test_0rtt68.iev,27,0,0,0,1,14,0,0,0,76,40,0,0,4,0,0,0,,64.0,1.0,0.0
69,quinn,server,quic_server_test_0rtt,,,/QUIC-FormalVerification/QUIC-Ivy/doc/examples/quic/test/temp/69/quic_server_test_0rtt69.iev,26,0,0,0,1,14,0,0,0,76,40,0,0,4,0,0,0,,61.0,1.0,0.0
70,quinn,server,quic_server_test_0rtt,,,/QUIC-FormalVerification/QUIC-Ivy/doc/examples/quic/test/temp/70/quic_server_test_0rtt70.iev,30,0,0,0,1,13,0,0,0,67,42,0,0,4,0,0,2,,69.0,1.0,0.0
71,quinn,server,quic_server_test_0rtt,,,/QUIC-FormalVerification/QUIC-Ivy/doc/examples/quic/test/temp/71/quic_server_test_0rtt71.iev,26,0,0,0,1,14,0,0,0,72,43,0,0,4,0,0,2,,66.0,1.0,0.0
72,quinn,server,quic_server_test_0rtt,,,/QUIC-FormalVerification/QUIC-Ivy/doc/examples/quic/test/temp/72/quic_server_test_0rtt72.iev,15,0,0,0,1,11,0,0,0,122,26,0,0,4,0,0,0,,38.0,1.0,0.0
73,quinn,server,quic_server_test_0rtt,,,/QUIC-FormalVerification/QUIC-Ivy/doc/examples/quic/test/temp/73/quic_server_test_0rtt73.iev,32,0,0,0,1,12,0,0,0,68,43,0,0,4,0,0,2,,70.0,1.0,0.0
74,quinn,server,quic_server_test_0rtt,,,/QUIC-FormalVerification/QUIC-Ivy/doc/examples/quic/test/temp/74/quic_server_test_0rtt74.iev,30,0,0,0,1,14,0,0,0,74,38,0,0,4,0,0,2,,63.0,1.0,0.0
75,quinn,server,quic_server_test_0rtt,,,/QUIC-FormalVerification/QUIC-Ivy/doc/examples/quic/test/temp/75/quic_server_test_0rtt75.iev,25,0,0,0,1,13,0,0,0,80,39,0,0,4,0,0,0,,61.0,1.0,0.0
76,quinn,server,quic_server_test_0rtt,,,/QUIC-FormalVerification/QUIC-Ivy/doc/examples/quic/test/temp/76/quic_server_test_0rtt76.iev,20,0,0,0,1,11,0,0,0,106,26,0,0,4,0,0,0,,43.0,1.0,0.0
77,quinn,server,quic_server_test_0rtt,,,/QUIC-FormalVerification/QUIC-Ivy/doc/examples/quic/test/temp/77/quic_server_test_0rtt77.iev,24,0,0,0,1,10,0,0,0,99,28,0,0,4,0,0,0,,49.0,1.0,0.0
78,quinn,server,quic_server_test_0rtt,,,/QUIC-FormalVerification/QUIC-Ivy/doc/examples/quic/test/temp/78/quic_server_test_0rtt78.iev,32,0,0,0,1,14,0,0,0,54,46,0,0,4,0,0,4,,75.0,0.0,0.0
79,quinn,server,quic_server_test_0rtt,,,/QUIC-FormalVerification/QUIC-Ivy/doc/examples/quic/test/temp/79/quic_server_test_0rtt79.iev,23,0,0,0,1,8,0,0,0,106,26,0,0,4,0,0,0,,46.0,1.0,0.0
80,quinn,server,quic_server_test_0rtt,,,/QUIC-FormalVerification/QUIC-Ivy/doc/examples/quic/test/temp/80/quic_server_test_0rtt80.iev,28,0,0,0,1,12,0,0,0,78,39,0,0,4,0,0,0,,64.0,1.0,0.0
81,quinn,server,quic_server_test_0rtt,,,/QUIC-FormalVerification/QUIC-Ivy/doc/examples/quic/test/temp/81/quic_server_test_0rtt81.iev,21,0,0,0,1,12,0,0,0,88,34,0,0,4,0,0,0,,52.0,1.0,0.0
82,quinn,server,quic_server_test_0rtt,,,/QUIC-FormalVerification/QUIC-Ivy/doc/examples/quic/test/temp/82/quic_server_test_0rtt82.iev,24,0,0,0,1,12,0,0,0,86,36,0,0,4,0,0,0,,57.0,1.0,0.0
83,quinn,server,quic_server_test_0rtt,,,/QUIC-FormalVerification/QUIC-Ivy/doc/examples/quic/test/temp/83/quic_server_test_0rtt83.iev,25,0,0,0,1,14,0,0,0,88,35,0,0,4,0,0,2,,57.0,1.0,0.0
84,quinn,server,quic_server_test_0rtt,,,/QUIC-FormalVerification/QUIC-Ivy/doc/examples/quic/test/temp/84/quic_server_test_0rtt84.iev,27,0,0,0,1,14,0,0,0,74,40,0,0,4,0,0,0,,64.0,1.0,0.0
85,quinn,server,quic_server_test_0rtt,,,/QUIC-FormalVerification/QUIC-Ivy/doc/examples/quic/test/temp/85/quic_server_test_0rtt85.iev,22,0,0,0,1,10,0,0,0,83,37,0,0,4,0,0,0,,56.0,1.0,0.0
86,quinn,server,quic_server_test_0rtt,,,/QUIC-FormalVerification/QUIC-Ivy/doc/examples/quic/test/temp/86/quic_server_test_0rtt86.iev,30,0,0,0,1,14,0,0,0,59,46,0,0,4,0,0,4,,73.0,1.0,0.0
87,quinn,server,quic_server_test_0rtt,,,/QUIC-FormalVerification/QUIC-Ivy/doc/examples/quic/test/temp/87/quic_server_test_0rtt87.iev,26,0,0,0,1,12,0,0,0,69,43,0,0,4,0,0,0,,66.0,1.0,0.0
88,quinn,server,quic_server_test_0rtt,,,/QUIC-FormalVerification/QUIC-Ivy/doc/examples/quic/test/temp/88/quic_server_test_0rtt88.iev,19,0,0,0,1,8,0,0,0,118,22,0,0,4,0,0,0,,38.0,1.0,0.0
89,quinn,server,quic_server_test_0rtt,,,/QUIC-FormalVerification/QUIC-Ivy/doc/examples/quic/test/temp/89/quic_server_test_0rtt89.iev,22,0,0,0,1,9,0,0,0,100,29,0,0,4,0,0,0,,48.0,1.0,0.0
90,quinn,server,quic_server_test_0rtt,,,/QUIC-FormalVerification/QUIC-Ivy/doc/examples/quic/test/temp/90/quic_server_test_0rtt90.iev,22,0,0,0,1,10,0,0,0,87,38,0,0,4,0,0,0,,57.0,1.0,0.0
91,quinn,server,quic_server_test_0rtt,,,/QUIC-FormalVerification/QUIC-Ivy/doc/examples/quic/test/temp/91/quic_server_test_0rtt91.iev,18,0,0,0,1,11,0,0,0,110,29,0,0,4,0,0,0,,44.0,1.0,0.0
92,quinn,server,quic_server_test_0rtt,,,/QUIC-FormalVerification/QUIC-Ivy/doc/examples/quic/test/temp/92/quic_server_test_0rtt92.iev,19,0,0,0,1,11,0,0,0,101,30,0,0,4,0,0,0,,46.0,1.0,0.0
93,quinn,server,quic_server_test_0rtt,,,/QUIC-FormalVerification/QUIC-Ivy/doc/examples/quic/test/temp/93/quic_server_test_0rtt93.iev,28,0,0,0,1,11,0,0,0,75,39,0,0,4,0,0,0,,64.0,1.0,0.0
94,quinn,server,quic_server_test_0rtt,,,/QUIC-FormalVerification/QUIC-Ivy/doc/examples/quic/test/temp/94/quic_server_test_0rtt94.iev,24,0,0,0,1,13,0,0,0,66,36,0,0,4,0,0,0,,57.0,0.0,0.0
95,quinn,server,quic_server_test_0rtt,,,/QUIC-FormalVerification/QUIC-Ivy/doc/examples/quic/test/temp/95/quic_server_test_0rtt95.iev,25,0,0,0,1,10,0,0,0,81,41,0,0,4,0,0,2,,65.0,1.0,0.0
96,quinn,server,quic_server_test_0rtt,,,/QUIC-FormalVerification/QUIC-Ivy/doc/examples/quic/test/temp/96/quic_server_test_0rtt96.iev,26,0,0,0,1,13,0,0,0,86,38,0,0,4,0,0,2,,61.0,1.0,0.0
97,quinn,server,quic_server_test_0rtt,,,/QUIC-FormalVerification/QUIC-Ivy/doc/examples/quic/test/temp/97/quic_server_test_0rtt97.iev,34,0,0,0,1,9,0,0,0,82,32,0,0,4,0,0,4,,63.0,1.0,0.0
98,quinn,server,quic_server_test_0rtt,,,/QUIC-FormalVerification/QUIC-Ivy/doc/examples/quic/test/temp/98/quic_server_test_0rtt98.iev,25,0,0,0,1,12,0,0,0,71,46,0,0,4,0,0,2,,69.0,1.0,0.0
99,quinn,server,quic_server_test_0rtt,,,/QUIC-FormalVerification/QUIC-Ivy/doc/examples/quic/test/temp/99/quic_server_test_0rtt99.iev,18,0,0,0,1,13,0,0,0,103,27,0,0,4,0,0,0,,42.0,1.0,0.0
100,quinn,server,quic_server_test_0rtt,,,/QUIC-FormalVerification/QUIC-Ivy/doc/examples/quic/test/temp/100/quic_server_test_0rtt0.iev,19,0,0,0,1,9,0,0,0,87,32,0,0,4,0,0,2,,48.0,1.0,0.0
101,quinn,server,quic_server_test_0rtt,,,/QUIC-FormalVerification/QUIC-Ivy/doc/examples/quic/test/temp/101/quic_server_test_0rtt1.iev,20,0,0,0,1,12,0,0,0,75,36,0,0,4,0,0,0,,53.0,1.0,0.0
102,quinn,server,quic_server_test_0rtt,,,/QUIC-FormalVerification/QUIC-Ivy/doc/examples/quic/test/temp/102/quic_server_test_0rtt2.iev,17,0,0,0,1,12,0,0,0,93,30,0,0,4,0,0,0,,44.0,1.0,0.0
103,quinn,server,quic_server_test_0rtt,,,/QUIC-FormalVerification/QUIC-Ivy/doc/examples/quic/test/temp/103/quic_server_test_0rtt3.iev,17,0,0,0,1,11,0,0,0,76,30,0,0,4,0,0,0,,44.0,0.0,0.0
104,quinn,server,quic_server_test_0rtt,,,/QUIC-FormalVerification/QUIC-Ivy/doc/examples/quic/test/temp/104/quic_server_test_0rtt4.iev,16,0,0,0,1,4,0,0,0,62,19,0,0,4,0,0,0,,32.0,0.0,0.0
105,quinn,server,quic_server_test_0rtt,,,/QUIC-FormalVerification/QUIC-Ivy/doc/examples/quic/test/temp/105/quic_server_test_0rtt5.iev,18,0,0,0,1,10,0,0,0,79,34,0,0,4,0,0,0,,49.0,1.0,0.0
106,quinn,server,quic_server_test_0rtt,,,/QUIC-FormalVerification/QUIC-Ivy/doc/examples/quic/test/temp/106/quic_server_test_0rtt6.iev,18,0,0,0,1,7,0,0,0,85,28,0,0,4,0,0,2,,43.0,1.0,0.0
107,quinn,server,quic_server_test_0rtt,,,/QUIC-FormalVerification/QUIC-Ivy/doc/examples/quic/test/temp/107/quic_server_test_0rtt7.iev,15,0,0,0,1,5,0,0,0,112,19,0,0,4,0,0,0,,31.0,1.0,0.0
108,quinn,server,quic_server_test_0rtt,,,/QUIC-FormalVerification/QUIC-Ivy/doc/examples/quic/test/temp/108/quic_server_test_0rtt8.iev,17,0,0,0,1,8,0,0,0,79,26,0,0,4,0,0,2,,40.0,1.0,0.0
109,quinn,server,quic_server_test_0rtt,,,/QUIC-FormalVerification/QUIC-Ivy/doc/examples/quic/test/temp/109/quic_server_test_0rtt9.iev,18,0,0,0,1,11,0,0,0,86,30,0,0,4,0,0,2,,46.0,1.0,0.0
110,quinn,server,quic_server_test_0rtt,,,/QUIC-FormalVerification/QUIC-Ivy/doc/examples/quic/test/temp/110/quic_server_test_0rtt10.iev,17,0,0,0,1,13,0,0,0,79,30,0,0,4,0,0,2,,44.0,0.0,0.0
111,quinn,server,quic_server_test_0rtt,,,/QUIC-FormalVerification/QUIC-Ivy/doc/examples/quic/test/temp/111/quic_server_test_0rtt11.iev,17,0,0,0,1,14,0,0,0,75,36,0,0,4,0,0,0,,48.0,1.0,0.0
112,quinn,server,quic_server_test_0rtt,,,/QUIC-FormalVerification/QUIC-Ivy/doc/examples/quic/test/temp/112/quic_server_test_0rtt12.iev,16,0,0,0,1,10,0,0,0,84,33,0,0,4,0,0,0,,46.0,1.0,0.0
113,quinn,server,quic_server_test_0rtt,,,/QUIC-FormalVerification/QUIC-Ivy/doc/examples/quic/test/temp/113/quic_server_test_0rtt13.iev,13,0,0,0,1,6,0,0,0,101,22,0,0,4,0,0,2,,32.0,1.0,0.0
114,quinn,server,quic_server_test_0rtt,,,/QUIC-FormalVerification/QUIC-Ivy/doc/examples/quic/test/temp/114/quic_server_test_0rtt14.iev,16,0,0,0,1,7,0,0,0,89,25,0,0,4,0,0,2,,38.0,1.0,0.0
115,quinn,server,quic_server_test_0rtt,,,/QUIC-FormalVerification/QUIC-Ivy/doc/examples/quic/test/temp/115/quic_server_test_0rtt15.iev,24,0,0,0,1,10,0,0,0,87,29,0,0,4,0,0,0,,50.0,1.0,0.0
116,quinn,server,quic_server_test_0rtt,,,/QUIC-FormalVerification/QUIC-Ivy/doc/examples/quic/test/temp/116/quic_server_test_0rtt16.iev,14,0,0,0,1,2,0,0,0,110,18,0,0,4,0,0,0,,29.0,1.0,0.0
117,quinn,server,quic_server_test_0rtt,,,/QUIC-FormalVerification/QUIC-Ivy/doc/examples/quic/test/temp/117/quic_server_test_0rtt17.iev,18,0,0,0,1,10,0,0,0,79,33,0,0,4,0,0,4,,48.0,1.0,0.0
118,quinn,server,quic_server_test_0rtt,,,/QUIC-FormalVerification/QUIC-Ivy/doc/examples/quic/test/temp/118/quic_server_test_0rtt18.iev,18,0,0,0,1,8,0,0,0,94,23,0,0,4,0,0,0,,38.0,0.0,0.0
119,quinn,server,quic_server_test_0rtt,,,/QUIC-FormalVerification/QUIC-Ivy/doc/examples/quic/test/temp/119/quic_server_test_0rtt19.iev,15,0,0,0,1,7,0,0,0,104,21,0,0,4,0,0,2,,33.0,1.0,0.0
120,quinn,server,quic_server_test_0rtt,,,/QUIC-FormalVerification/QUIC-Ivy/doc/examples/quic/test/temp/120/quic_server_test_0rtt20.iev,14,0,0,0,1,8,0,0,0,93,19,0,0,4,0,0,0,,30.0,0.0,0.0
121,quinn,server,quic_server_test_0rtt,,,/QUIC-FormalVerification/QUIC-Ivy/doc/examples/quic/test/temp/121/quic_server_test_0rtt21.iev,16,0,0,0,1,7,0,0,0,90,26,0,0,4,0,0,2,,39.0,1.0,0.0
122,quinn,server,quic_server_test_0rtt,,,/QUIC-FormalVerification/QUIC-Ivy/doc/examples/quic/test/temp/122/quic_server_test_0rtt22.iev,22,0,0,0,1,10,0,0,0,83,31,0,0,4,0,0,4,,50.0,1.0,0.0
123,quinn,server,quic_server_test_0rtt,,,/QUIC-FormalVerification/QUIC-Ivy/doc/examples/quic/test/temp/123/quic_server_test_0rtt23.iev,17,0,0,0,1,11,0,0,0,93,30,0,0,4,0,0,2,,44.0,1.0,0.0
124,quinn,server,quic_server_test_0rtt,,"ivy_return_code(1) assumption_failed("""")",/QUIC-FormalVerification/QUIC-Ivy/doc/examples/quic/test/temp/124/quic_server_test_0rtt24.iev,27,0,0,0,1,8,1,0,0,33,19,0,0,4,0,0,1,,44.0,0.0,0.0
125,quinn,server,quic_server_test_0rtt,,,/QUIC-FormalVerification/QUIC-Ivy/doc/examples/quic/test/temp/125/quic_server_test_0rtt25.iev,17,0,0,0,1,9,0,0,0,88,25,0,0,4,0,0,2,,39.0,1.0,0.0
126,quinn,server,quic_server_test_0rtt,,,/QUIC-FormalVerification/QUIC-Ivy/doc/examples/quic/test/temp/126/quic_server_test_0rtt26.iev,16,0,0,0,1,9,0,0,0,88,30,0,0,4,0,0,2,,43.0,1.0,0.0
127,quinn,server,quic_server_test_0rtt,,,/QUIC-FormalVerification/QUIC-Ivy/doc/examples/quic/test/temp/127/quic_server_test_0rtt27.iev,17,0,0,0,1,14,0,0,0,71,35,0,0,4,0,0,2,,49.0,1.0,0.0
128,quinn,server,quic_server_test_0rtt,,,/QUIC-FormalVerification/QUIC-Ivy/doc/examples/quic/test/temp/128/quic_server_test_0rtt28.iev,19,0,0,0,1,12,0,0,0,84,30,0,0,4,0,0,0,,46.0,1.0,0.0
129,quinn,server,quic_server_test_0rtt,,,/QUIC-FormalVerification/QUIC-Ivy/doc/examples/quic/test/temp/129/quic_server_test_0rtt29.iev,17,0,0,0,1,8,0,0,0,96,21,0,0,4,0,0,0,,35.0,1.0,0.0
130,quinn,server,quic_server_test_0rtt,,,/QUIC-FormalVerification/QUIC-Ivy/doc/examples/quic/test/temp/130/quic_server_test_0rtt30.iev,18,0,0,0,1,8,0,0,0,82,26,0,0,4,0,0,4,,41.0,1.0,0.0
131,quinn,server,quic_server_test_0rtt,,,/QUIC-FormalVerification/QUIC-Ivy/doc/examples/quic/test/temp/131/quic_server_test_0rtt31.iev,20,0,0,0,1,11,0,0,0,86,33,0,0,4,0,0,0,,50.0,1.0,0.0
132,quinn,server,quic_server_test_0rtt,,,/QUIC-FormalVerification/QUIC-Ivy/doc/examples/quic/test/temp/132/quic_server_test_0rtt32.iev,18,0,0,0,1,9,0,0,0,77,31,0,0,4,0,0,0,,46.0,1.0,0.0
133,quinn,server,quic_server_test_0rtt,,,/QUIC-FormalVerification/QUIC-Ivy/doc/examples/quic/test/temp/133/quic_server_test_0rtt33.iev,21,0,0,0,1,11,0,0,0,70,31,0,0,4,0,0,4,,49.0,1.0,0.0
134,quinn,server,quic_server_test_0rtt,,,/QUIC-FormalVerification/QUIC-Ivy/doc/examples/quic/test/temp/134/quic_server_test_0rtt34.iev,14,0,0,0,1,11,0,0,0,105,21,0,0,4,0,0,0,,32.0,1.0,0.0
135,quinn,server,quic_server_test_0rtt,,,/QUIC-FormalVerification/QUIC-Ivy/doc/examples/quic/test/temp/135/quic_server_test_0rtt35.iev,16,0,0,0,1,13,0,0,0,88,26,0,0,4,0,0,2,,41.0,1.0,0.0
136,quinn,server,quic_server_test_0rtt,,,/QUIC-FormalVerification/QUIC-Ivy/doc/examples/quic/test/temp/136/quic_server_test_0rtt36.iev,17,0,0,0,1,8,0,0,0,93,29,0,0,4,0,0,2,,41.0,1.0,0.0
137,quinn,server,quic_server_test_0rtt,,,/QUIC-FormalVerification/QUIC-Ivy/doc/examples/quic/test/temp/137/quic_server_test_0rtt37.iev,20,0,0,0,1,9,0,0,0,82,35,0,0,4,0,0,0,,52.0,1.0,0.0
138,quinn,server,quic_server_test_0rtt,,,/QUIC-FormalVerification/QUIC-Ivy/doc/examples/quic/test/temp/138/quic_server_test_0rtt38.iev,13,0,0,0,1,3,0,0,0,66,17,0,0,4,0,0,2,,27.0,0.0,0.0
139,quinn,server,quic_server_test_0rtt,,,/QUIC-FormalVerification/QUIC-Ivy/doc/examples/quic/test/temp/139/quic_server_test_0rtt39.iev,19,0,0,0,1,13,0,0,0,76,31,0,0,4,0,0,4,,44.0,1.0,0.0
140,quinn,server,quic_server_test_0rtt,,,/QUIC-FormalVerification/QUIC-Ivy/doc/examples/quic/test/temp/140/quic_server_test_0rtt40.iev,16,0,0,0,1,8,0,0,0,77,29,0,0,4,0,0,0,,41.0,1.0,0.0
141,quinn,server,quic_server_test_0rtt,,,/QUIC-FormalVerification/QUIC-Ivy/doc/examples/quic/test/temp/141/quic_server_test_0rtt41.iev,23,0,0,0,1,14,0,0,0,84,32,0,0,4,0,0,0,,52.0,1.0,0.0
142,quinn,server,quic_server_test_0rtt,,,/QUIC-FormalVerification/QUIC-Ivy/doc/examples/quic/test/temp/142/quic_server_test_0rtt42.iev,16,0,0,0,1,6,0,0,0,89,31,0,0,4,0,0,2,,44.0,1.0,0.0
143,quinn,server,quic_server_test_0rtt,,"ivy_return_code(1) assumption_failed("""")",/QUIC-FormalVerification/QUIC-Ivy/doc/examples/quic/test/temp/143/quic_server_test_0rtt43.iev,15,0,0,0,1,9,1,0,0,37,25,0,0,4,0,0,0,,39.0,0.0,0.0
144,quinn,server,quic_server_test_0rtt,,,/QUIC-FormalVerification/QUIC-Ivy/doc/examples/quic/test/temp/144/quic_server_test_0rtt44.iev,17,0,0,0,1,9,0,0,0,97,23,0,0,4,0,0,0,,37.0,1.0,0.0
145,quinn,server,quic_server_test_0rtt,,,/QUIC-FormalVerification/QUIC-Ivy/doc/examples/quic/test/temp/145/quic_server_test_0rtt45.iev,18,0,0,0,1,12,0,0,0,76,36,0,0,4,0,0,2,,51.0,1.0,0.0
146,quinn,server,quic_server_test_0rtt,,,/QUIC-FormalVerification/QUIC-Ivy/doc/examples/quic/test/temp/146/quic_server_test_0rtt46.iev,17,0,0,0,1,13,0,0,0,92,30,0,0,4,0,0,2,,44.0,1.0,0.0
147,quinn,server,quic_server_test_0rtt,,,/QUIC-FormalVerification/QUIC-Ivy/doc/examples/quic/test/temp/147/quic_server_test_0rtt47.iev,15,0,0,0,1,11,0,0,0,90,28,0,0,4,0,0,0,,40.0,1.0,0.0
148,quinn,server,quic_server_test_0rtt,,,/QUIC-FormalVerification/QUIC-Ivy/doc/examples/quic/test/temp/148/quic_server_test_0rtt48.iev,16,0,0,0,1,13,0,0,0,88,32,0,0,4,0,0,0,,43.0,1.0,0.0
149,quinn,server,quic_server_test_0rtt,,,/QUIC-FormalVerification/QUIC-Ivy/doc/examples/quic/test/temp/149/quic_server_test_0rtt49.iev,16,0,0,0,1,13,0,0,0,85,29,0,0,4,0,0,2,,44.0,1.0,0.0
150,quinn,server,quic_server_test_0rtt,,,/QUIC-FormalVerification/QUIC-Ivy/doc/examples/quic/test/temp/150/quic_server_test_0rtt50.iev,20,0,0,0,1,10,0,0,0,88,30,0,0,4,0,0,0,,47.0,1.0,0.0
151,quinn,server,quic_server_test_0rtt,,,/QUIC-FormalVerification/QUIC-Ivy/doc/examples/quic/test/temp/151/quic_server_test_0rtt51.iev,16,0,0,0,1,9,0,0,0,79,24,0,0,4,0,0,0,,37.0,1.0,0.0
152,quinn,server,quic_server_test_0rtt,,,/QUIC-FormalVerification/QUIC-Ivy/doc/examples/quic/test/temp/152/quic_server_test_0rtt52.iev,20,0,0,0,1,8,0,0,0,84,28,0,0,4,0,0,2,,45.0,1.0,0.0
153,quinn,server,quic_server_test_0rtt,,,/QUIC-FormalVerification/QUIC-Ivy/doc/examples/quic/test/temp/153/quic_server_test_0rtt53.iev,19,0,0,0,1,12,0,0,0,75,34,0,0,4,0,0,4,,50.0,1.0,0.0
154,quinn,server,quic_server_test_0rtt,,,/QUIC-FormalVerification/QUIC-Ivy/doc/examples/quic/test/temp/154/quic_server_test_0rtt54.iev,16,0,0,0,1,11,0,0,0,88,25,0,0,4,0,0,2,,38.0,1.0,0.0
155,quinn,server,quic_server_test_0rtt,,,/QUIC-FormalVerification/QUIC-Ivy/doc/examples/quic/test/temp/155/quic_server_test_0rtt55.iev,18,0,0,0,1,12,0,0,0,90,30,0,0,4,0,0,0,,45.0,1.0,0.0
156,quinn,server,quic_server_test_0rtt,,,/QUIC-FormalVerification/QUIC-Ivy/doc/examples/quic/test/temp/156/quic_server_test_0rtt56.iev,17,0,0,0,1,13,0,0,0,91,30,0,0,4,0,0,0,,44.0,1.0,0.0
157,quinn,server,quic_server_test_0rtt,,,/QUIC-FormalVerification/QUIC-Ivy/doc/examples/quic/test/temp/157/quic_server_test_0rtt57.iev,18,0,0,0,1,12,0,0,0,84,31,0,0,4,0,0,0,,46.0,1.0,0.0
158,quinn,server,quic_server_test_0rtt,,,/QUIC-FormalVerification/QUIC-Ivy/doc/examples/quic/test/temp/158/quic_server_test_0rtt58.iev,16,0,0,0,1,9,0,0,0,72,32,0,0,4,0,0,2,,45.0,1.0,0.0
159,quinn,server,quic_server_test_0rtt,,,/QUIC-FormalVerification/QUIC-Ivy/doc/examples/quic/test/temp/159/quic_server_test_0rtt59.iev,16,0,0,0,1,8,0,0,0,94,26,0,0,4,0,0,2,,39.0,1.0,0.0
160,quinn,server,quic_server_test_0rtt,,,/QUIC-FormalVerification/QUIC-Ivy/doc/examples/quic/test/temp/160/quic_server_test_0rtt60.iev,16,0,0,0,1,9,0,0,0,99,23,0,0,4,0,0,2,,36.0,1.0,0.0
161,quinn,server,quic_server_test_0rtt,,,/QUIC-FormalVerification/QUIC-Ivy/doc/examples/quic/test/temp/161/quic_server_test_0rtt61.iev,20,0,0,0,1,13,0,0,0,82,35,0,0,4,0,0,0,,52.0,1.0,0.0
162,quinn,server,quic_server_test_0rtt,,,/QUIC-FormalVerification/QUIC-Ivy/doc/examples/quic/test/temp/162/quic_server_test_0rtt62.iev,16,0,0,0,1,8,0,0,0,89,25,0,0,4,0,0,2,,38.0,1.0,0.0
163,quinn,server,quic_server_test_0rtt,,,/QUIC-FormalVerification/QUIC-Ivy/doc/examples/quic/test/temp/163/quic_server_test_0rtt63.iev,16,0,0,0,1,8,0,0,0,82,28,0,0,4,0,0,0,,41.0,1.0,0.0
164,quinn,server,quic_server_test_0rtt,,,/QUIC-FormalVerification/QUIC-Ivy/doc/examples/quic/test/temp/164/quic_server_test_0rtt64.iev,16,0,0,0,1,4,0,0,0,92,20,0,0,4,0,0,2,,33.0,1.0,0.0
165,quinn,server,quic_server_test_0rtt,,,/QUIC-FormalVerification/QUIC-Ivy/doc/examples/quic/test/temp/165/quic_server_test_0rtt65.iev,16,0,0,0,1,8,0,0,0,90,31,0,0,4,0,0,0,,42.0,1.0,0.0
166,quinn,server,quic_server_test_0rtt,,,/QUIC-FormalVerification/QUIC-Ivy/doc/examples/quic/test/temp/166/quic_server_test_0rtt66.iev,16,0,0,0,1,14,0,0,0,77,32,0,0,4,0,0,0,,43.0,1.0,0.0
167,quinn,server,quic_server_test_0rtt,,,/QUIC-FormalVerification/QUIC-Ivy/doc/examples/quic/test/temp/167/quic_server_test_0rtt67.iev,18,0,0,0,1,12,0,0,0,77,30,0,0,4,0,0,0,,45.0,1.0,0.0
168,quinn,server,quic_server_test_0rtt,,,/QUIC-FormalVerification/QUIC-Ivy/doc/examples/quic/test/temp/168/quic_server_test_0rtt68.iev,19,0,0,0,1,10,0,0,0,86,29,0,0,4,0,0,0,,45.0,1.0,0.0
169,quinn,server,quic_server_test_0rtt,,,/QUIC-FormalVerification/QUIC-Ivy/doc/examples/quic/test/temp/169/quic_server_test_0rtt69.iev,18,0,0,0,1,11,0,0,0,78,32,0,0,4,0,0,0,,47.0,1.0,0.0
170,quinn,server,quic_server_test_0rtt,,,/QUIC-FormalVerification/QUIC-Ivy/doc/examples/quic/test/temp/170/quic_server_test_0rtt70.iev,19,0,0,0,1,8,0,0,0,80,36,0,0,4,0,0,2,,53.0,1.0,0.0
171,quinn,server,quic_server_test_0rtt,,,/QUIC-FormalVerification/QUIC-Ivy/doc/examples/quic/test/temp/171/quic_server_test_0rtt71.iev,18,0,0,0,1,10,0,0,0,93,31,0,0,4,0,0,0,,46.0,1.0,0.0
172,quinn,server,quic_server_test_0rtt,,,/QUIC-FormalVerification/QUIC-Ivy/doc/examples/quic/test/temp/172/quic_server_test_0rtt72.iev,16,0,0,0,1,6,0,0,0,83,30,0,0,4,0,0,0,,43.0,1.0,0.0
173,quinn,server,quic_server_test_0rtt,,,/QUIC-FormalVerification/QUIC-Ivy/doc/examples/quic/test/temp/173/quic_server_test_0rtt73.iev,19,0,0,0,1,11,0,0,0,89,31,0,0,4,0,0,0,,47.0,1.0,0.0
174,quinn,server,quic_server_test_0rtt,,,/QUIC-FormalVerification/QUIC-Ivy/doc/examples/quic/test/temp/174/quic_server_test_0rtt74.iev,12,0,0,0,1,14,0,0,0,122,26,0,0,4,0,0,0,,35.0,0.0,0.0
175,quinn,server,quic_server_test_0rtt,,,/QUIC-FormalVerification/QUIC-Ivy/doc/examples/quic/test/temp/175/quic_server_test_0rtt75.iev,15,0,0,0,1,11,0,0,0,85,31,0,0,4,0,0,2,,43.0,1.0,0.0
176,quinn,server,quic_server_test_0rtt,,,/QUIC-FormalVerification/QUIC-Ivy/doc/examples/quic/test/temp/176/quic_server_test_0rtt76.iev,16,0,0,0,1,12,0,0,0,85,33,0,0,4,0,0,2,,44.0,1.0,0.0
177,quinn,server,quic_server_test_0rtt,,,/QUIC-FormalVerification/QUIC-Ivy/doc/examples/quic/test/temp/177/quic_server_test_0rtt77.iev,16,0,0,0,1,9,0,0,0,100,23,0,0,4,0,0,2,,36.0,1.0,0.0
178,quinn,server,quic_server_test_0rtt,,,/QUIC-FormalVerification/QUIC-Ivy/doc/examples/quic/test/temp/178/quic_server_test_0rtt78.iev,17,0,0,0,1,11,0,0,0,95,26,0,0,4,0,0,2,,40.0,1.0,0.0
179,quinn,server,quic_server_test_0rtt,,,/QUIC-FormalVerification/QUIC-Ivy/doc/examples/quic/test/temp/179/quic_server_test_0rtt79.iev,18,0,0,0,1,8,0,0,0,81,34,0,0,4,0,0,2,,49.0,1.0,0.0
180,quinn,server,quic_server_test_0rtt,,,/QUIC-FormalVerification/QUIC-Ivy/doc/examples/quic/test/temp/180/quic_server_test_0rtt80.iev,16,0,0,0,1,14,0,0,0,81,30,0,0,4,0,0,2,,43.0,1.0,0.0
181,quinn,server,quic_server_test_0rtt,,,/QUIC-FormalVerification/QUIC-Ivy/doc/examples/quic/test/temp/181/quic_server_test_0rtt81.iev,16,0,0,0,1,11,0,0,0,88,31,0,0,4,0,0,0,,44.0,1.0,0.0
182,quinn,server,quic_server_test_0rtt,,,/QUIC-FormalVerification/QUIC-Ivy/doc/examples/quic/test/temp/182/quic_server_test_0rtt82.iev,16,0,0,0,1,10,0,0,0,83,31,0,0,4,0,0,0,,44.0,1.0,0.0
183,quinn,server,quic_server_test_0rtt,,,/QUIC-FormalVerification/QUIC-Ivy/doc/examples/quic/test/temp/183/quic_server_test_0rtt83.iev,16,0,0,0,1,8,0,0,0,87,30,0,0,4,0,0,0,,43.0,1.0,0.0
184,quinn,server,quic_server_test_0rtt,,,/QUIC-FormalVerification/QUIC-Ivy/doc/examples/quic/test/temp/184/quic_server_test_0rtt84.iev,16,0,0,0,1,13,0,0,0,78,32,0,0,4,0,0,0,,45.0,1.0,0.0
185,quinn,server,quic_server_test_0rtt,,,/QUIC-FormalVerification/QUIC-Ivy/doc/examples/quic/test/temp/185/quic_server_test_0rtt85.iev,18,0,0,0,1,12,0,0,0,83,34,0,0,4,0,0,0,,49.0,1.0,0.0
186,quinn,server,quic_server_test_0rtt,,,/QUIC-FormalVerification/QUIC-Ivy/doc/examples/quic/test/temp/186/quic_server_test_0rtt86.iev,17,0,0,0,1,10,0,0,0,85,26,0,0,4,0,0,0,,40.0,1.0,0.0
187,quinn,server,quic_server_test_0rtt,,,/QUIC-FormalVerification/QUIC-Ivy/doc/examples/quic/test/temp/187/quic_server_test_0rtt87.iev,16,0,0,0,1,13,0,0,0,84,31,0,0,4,0,0,0,,42.0,1.0,0.0
188,quinn,server,quic_server_test_0rtt,,,/QUIC-FormalVerification/QUIC-Ivy/doc/examples/quic/test/temp/188/quic_server_test_0rtt88.iev,16,0,0,0,1,12,0,0,0,91,25,0,0,4,0,0,0,,38.0,1.0,0.0
189,quinn,server,quic_server_test_0rtt,,,/QUIC-FormalVerification/QUIC-Ivy/doc/examples/quic/test/temp/189/quic_server_test_0rtt89.iev,16,0,0,0,1,11,0,0,0,76,31,0,0,4,0,0,2,,44.0,1.0,0.0
190,quinn,server,quic_server_test_0rtt,,,/QUIC-FormalVerification/QUIC-Ivy/doc/examples/quic/test/temp/190/quic_server_test_0rtt90.iev,18,0,0,0,1,13,0,0,0,99,23,0,0,4,0,0,4,,38.0,1.0,0.0
191,quinn,server,quic_server_test_0rtt,,,/QUIC-FormalVerification/QUIC-Ivy/doc/examples/quic/test/temp/191/quic_server_test_0rtt91.iev,18,0,0,0,1,9,0,0,0,75,28,0,0,4,0,0,2,,43.0,1.0,0.0
192,quinn,server,quic_server_test_0rtt,,,/QUIC-FormalVerification/QUIC-Ivy/doc/examples/quic/test/temp/192/quic_server_test_0rtt92.iev,18,0,0,0,1,12,0,0,0,85,30,0,0,4,0,0,0,,45.0,1.0,0.0
193,quinn,server,quic_server_test_0rtt,,,/QUIC-FormalVerification/QUIC-Ivy/doc/examples/quic/test/temp/193/quic_server_test_0rtt93.iev,20,0,0,0,1,11,0,0,0,98,23,0,0,4,0,0,0,,40.0,1.0,0.0
194,quinn,server,quic_server_test_0rtt,,,/QUIC-FormalVerification/QUIC-Ivy/doc/examples/quic/test/temp/194/quic_server_test_0rtt94.iev,16,0,0,0,1,13,0,0,0,83,34,0,0,4,0,0,0,,47.0,1.0,0.0
195,quinn,server,quic_server_test_0rtt,,,/QUIC-FormalVerification/QUIC-Ivy/doc/examples/quic/test/temp/195/quic_server_test_0rtt95.iev,18,0,0,0,1,14,0,0,0,83,37,0,0,4,0,0,2,,52.0,1.0,0.0
196,quinn,server,quic_server_test_0rtt,,,/QUIC-FormalVerification/QUIC-Ivy/doc/examples/quic/test/temp/196/quic_server_test_0rtt96.iev,11,0,0,0,1,12,0,0,0,134,16,0,0,4,0,0,0,,24.0,0.0,0.0
197,quinn,server,quic_server_test_0rtt,,,/QUIC-FormalVerification/QUIC-Ivy/doc/examples/quic/test/temp/197/quic_server_test_0rtt97.iev,16,0,0,0,1,9,0,0,0,85,26,0,0,4,0,0,0,,39.0,1.0,0.0
198,quinn,server,quic_server_test_0rtt,,,/QUIC-FormalVerification/QUIC-Ivy/doc/examples/quic/test/temp/198/quic_server_test_0rtt98.iev,19,0,0,0,1,14,0,0,0,72,38,0,0,4,0,0,0,,54.0,1.0,0.0
199,quinn,server,quic_server_test_0rtt,,,/QUIC-FormalVerification/QUIC-Ivy/doc/examples/quic/test/temp/199/quic_server_test_0rtt99.iev,18,0,0,0,1,14,0,0,0,80,32,0,0,4,0,0,2,,47.0,1.0,0.0
200,quinn,server,quic_server_test_0rtt,,,/QUIC-FormalVerification/QUIC-Ivy/doc/examples/quic/test/temp/200/quic_server_test_0rtt0.iev,20,0,0,0,1,12,0,0,0,91,38,0,0,4,0,0,0,,55.0,1.0,0.0
201,quinn,server,quic_server_test_0rtt,,,/QUIC-FormalVerification/QUIC-Ivy/doc/examples/quic/test/temp/201/quic_server_test_0rtt1.iev,16,0,0,0,1,10,0,0,0,111,28,0,0,4,0,0,0,,41.0,1.0,0.0
202,quinn,server,quic_server_test_0rtt,,,/QUIC-FormalVerification/QUIC-Ivy/doc/examples/quic/test/temp/202/quic_server_test_0rtt2.iev,16,0,0,0,1,14,0,0,0,94,34,0,0,4,0,0,0,,47.0,1.0,0.0
203,quinn,server,quic_server_test_0rtt,,,/QUIC-FormalVerification/QUIC-Ivy/doc/examples/quic/test/temp/203/quic_server_test_0rtt3.iev,18,0,0,0,1,10,0,0,0,106,32,0,0,4,0,0,0,,47.0,1.0,0.0
204,quinn,server,quic_server_test_0rtt,,,/QUIC-FormalVerification/QUIC-Ivy/doc/examples/quic/test/temp/204/quic_server_test_0rtt4.iev,16,0,0,0,1,9,0,0,0,92,31,0,0,4,0,0,0,,44.0,0.0,0.0
205,quinn,server,quic_server_test_0rtt,,"ivy_return_code(1) assumption_failed("""")",/QUIC-FormalVerification/QUIC-Ivy/doc/examples/quic/test/temp/205/quic_server_test_0rtt5.iev,15,0,0,0,1,10,1,0,0,54,30,0,0,4,0,0,0,,44.0,0.0,0.0
206,quinn,server,quic_server_test_0rtt,,,/QUIC-FormalVerification/QUIC-Ivy/doc/examples/quic/test/temp/206/quic_server_test_0rtt6.iev,16,0,0,0,1,12,0,0,0,114,26,0,0,4,0,0,0,,39.0,1.0,0.0
207,quinn,server,quic_server_test_0rtt,,,/QUIC-FormalVerification/QUIC-Ivy/doc/examples/quic/test/temp/207/quic_server_test_0rtt7.iev,17,0,0,0,1,11,0,0,0,110,29,0,0,4,0,0,0,,43.0,1.0,0.0
208,quinn,server,quic_server_test_0rtt,,,/QUIC-FormalVerification/QUIC-Ivy/doc/examples/quic/test/temp/208/quic_server_test_0rtt8.iev,20,0,0,0,1,6,0,0,0,119,28,0,0,4,0,0,0,,45.0,1.0,0.0
209,quinn,server,quic_server_test_0rtt,,,/QUIC-FormalVerification/QUIC-Ivy/doc/examples/quic/test/temp/209/quic_server_test_0rtt9.iev,17,0,0,0,1,11,0,0,0,115,26,0,0,4,0,0,0,,40.0,1.0,0.0
210,quinn,server,quic_server_test_0rtt,,,/QUIC-FormalVerification/QUIC-Ivy/doc/examples/quic/test/temp/210/quic_server_test_0rtt10.iev,18,0,0,0,1,12,0,0,0,99,38,0,0,4,0,0,0,,53.0,1.0,0.0
211,quinn,server,quic_server_test_0rtt,,,/QUIC-FormalVerification/QUIC-Ivy/doc/examples/quic/test/temp/211/quic_server_test_0rtt11.iev,16,0,0,0,1,14,0,0,0,104,31,0,0,4,0,0,0,,44.0,1.0,0.0
212,quinn,server,quic_server_test_0rtt,,,/QUIC-FormalVerification/QUIC-Ivy/doc/examples/quic/test/temp/212/quic_server_test_0rtt12.iev,17,0,0,0,1,13,0,0,0,111,28,0,0,4,0,0,0,,42.0,1.0,0.0
213,quinn,server,quic_server_test_0rtt,,,/QUIC-FormalVerification/QUIC-Ivy/doc/examples/quic/test/temp/213/quic_server_test_0rtt13.iev,16,0,0,0,1,12,0,0,0,108,32,0,0,4,0,0,0,,45.0,1.0,0.0
214,quinn,server,quic_server_test_0rtt,,,/QUIC-FormalVerification/QUIC-Ivy/doc/examples/quic/test/temp/214/quic_server_test_0rtt14.iev,16,0,0,0,1,9,0,0,0,111,28,0,0,4,0,0,0,,41.0,1.0,0.0
215,quinn,server,quic_server_test_0rtt,,,/QUIC-FormalVerification/QUIC-Ivy/doc/examples/quic/test/temp/215/quic_server_test_0rtt15.iev,17,0,0,0,1,13,0,0,0,104,32,0,0,4,0,0,0,,46.0,1.0,0.0
216,quinn,server,quic_server_test_0rtt,,,/QUIC-FormalVerification/QUIC-Ivy/doc/examples/quic/test/temp/216/quic_server_test_0rtt16.iev,16,0,0,0,1,10,0,0,0,113,29,0,0,4,0,0,0,,42.0,1.0,0.0
217,quinn,server,quic_server_test_0rtt,,,/QUIC-FormalVerification/QUIC-Ivy/doc/examples/quic/test/temp/217/quic_server_test_0rtt17.iev,16,0,0,0,1,12,0,0,0,107,30,0,0,4,0,0,0,,43.0,1.0,0.0
218,quinn,server,quic_server_test_0rtt,,,/QUIC-FormalVerification/QUIC-Ivy/doc/examples/quic/test/temp/218/quic_server_test_0rtt18.iev,16,0,0,0,1,14,0,0,0,104,34,0,0,4,0,0,0,,47.0,1.0,0.0
219,quinn,server,quic_server_test_0rtt,,,/QUIC-FormalVerification/QUIC-Ivy/doc/examples/quic/test/temp/219/quic_server_test_0rtt19.iev,16,0,0,0,1,8,0,0,0,115,29,0,0,4,0,0,0,,42.0,1.0,0.0
220,quinn,server,quic_server_test_0rtt,,,/QUIC-FormalVerification/QUIC-Ivy/doc/examples/quic/test/temp/220/quic_server_test_0rtt20.iev,16,0,0,0,1,13,0,0,0,104,32,0,0,4,0,0,0,,45.0,1.0,0.0
221,quinn,server,quic_server_test_0rtt,,,/QUIC-FormalVerification/QUIC-Ivy/doc/examples/quic/test/temp/221/quic_server_test_0rtt21.iev,15,0,0,0,1,8,0,0,0,119,26,0,0,4,0,0,0,,38.0,1.0,0.0
222,quinn,server,quic_server_test_0rtt,,,/QUIC-FormalVerification/QUIC-Ivy/doc/examples/quic/test/temp/222/quic_server_test_0rtt22.iev,16,0,0,0,1,9,0,0,0,123,25,0,0,4,0,0,0,,38.0,1.0,0.0
223,quinn,server,quic_server_test_0rtt,,,/QUIC-FormalVerification/QUIC-Ivy/doc/examples/quic/test/temp/223/quic_server_test_0rtt23.iev,14,0,0,0,1,13,0,0,0,112,28,0,0,4,0,0,0,,39.0,1.0,0.0
224,quinn,server,quic_server_test_0rtt,,,/QUIC-FormalVerification/QUIC-Ivy/doc/examples/quic/test/temp/224/quic_server_test_0rtt24.iev,16,0,0,0,1,10,0,0,0,119,26,0,0,4,0,0,0,,37.0,1.0,0.0
225,quinn,server,quic_server_test_0rtt,,,/QUIC-FormalVerification/QUIC-Ivy/doc/examples/quic/test/temp/225/quic_server_test_0rtt25.iev,15,0,0,0,1,9,0,0,0,124,24,0,0,4,0,0,0,,36.0,1.0,0.0
226,quinn,server,quic_server_test_0rtt,,"ivy_return_code(1) assumption_failed("""")",/QUIC-FormalVerification/QUIC-Ivy/doc/examples/quic/test/temp/226/quic_server_test_0rtt26.iev,13,0,0,0,1,6,1,0,0,74,20,0,0,4,0,0,0,,29.0,0.0,0.0
227,quinn,server,quic_server_test_0rtt,,,/QUIC-FormalVerification/QUIC-Ivy/doc/examples/quic/test/temp/227/quic_server_test_0rtt27.iev,16,0,0,0,1,13,0,0,0,103,34,0,0,4,0,0,0,,45.0,1.0,0.0
228,quinn,server,quic_server_test_0rtt,,,/QUIC-FormalVerification/QUIC-Ivy/doc/examples/quic/test/temp/228/quic_server_test_0rtt28.iev,16,0,0,0,1,5,0,0,0,129,22,0,0,4,0,0,0,,35.0,1.0,0.0
229,quinn,server,quic_server_test_0rtt,,,/QUIC-FormalVerification/QUIC-Ivy/doc/examples/quic/test/temp/229/quic_server_test_0rtt29.iev,16,0,0,0,1,10,0,0,0,115,26,0,0,4,0,0,0,,39.0,1.0,0.0
230,quinn,server,quic_server_test_0rtt,,,/QUIC-FormalVerification/QUIC-Ivy/doc/examples/quic/test/temp/230/quic_server_test_0rtt30.iev,15,0,0,0,1,5,0,0,0,131,19,0,0,4,0,0,0,,31.0,1.0,0.0
231,quinn,server,quic_server_test_0rtt,,,/QUIC-FormalVerification/QUIC-Ivy/doc/examples/quic/test/temp/231/quic_server_test_0rtt31.iev,16,0,0,0,1,9,0,0,0,109,31,0,0,4,0,0,0,,44.0,1.0,0.0
232,quinn,server,quic_server_test_0rtt,,,/QUIC-FormalVerification/QUIC-Ivy/doc/examples/quic/test/temp/232/quic_server_test_0rtt32.iev,16,0,0,0,1,7,0,0,0,121,26,0,0,4,0,0,0,,39.0,1.0,0.0
233,quinn,server,quic_server_test_0rtt,,,/QUIC-FormalVerification/QUIC-Ivy/doc/examples/quic/test/temp/233/quic_server_test_0rtt33.iev,16,0,0,0,1,12,0,0,0,108,31,0,0,4,0,0,0,,44.0,1.0,0.0
234,quinn,server,quic_server_test_0rtt,,,/QUIC-FormalVerification/QUIC-Ivy/doc/examples/quic/test/temp/234/quic_server_test_0rtt34.iev,18,0,0,0,1,11,0,0,0,110,28,0,0,4,0,0,0,,43.0,1.0,0.0
235,quinn,server,quic_server_test_0rtt,,,/QUIC-FormalVerification/QUIC-Ivy/doc/examples/quic/test/temp/235/quic_server_test_0rtt35.iev,15,0,0,0,1,11,0,0,0,115,28,0,0,4,0,0,0,,40.0,1.0,0.0
236,quinn,server,quic_server_test_0rtt,,,/QUIC-FormalVerification/QUIC-Ivy/doc/examples/quic/test/temp/236/quic_server_test_0rtt36.iev,16,0,0,0,1,8,0,0,0,112,29,0,0,4,0,0,0,,40.0,1.0,0.0
237,quinn,server,quic_server_test_0rtt,,,/QUIC-FormalVerification/QUIC-Ivy/doc/examples/quic/test/temp/237/quic_server_test_0rtt37.iev,15,0,0,0,1,8,0,0,0,132,20,0,0,4,0,0,0,,32.0,1.0,0.0
238,quinn,server,quic_server_test_0rtt,,,/QUIC-FormalVerification/QUIC-Ivy/doc/examples/quic/test/temp/238/quic_server_test_0rtt38.iev,16,0,0,0,1,10,0,0,0,109,31,0,0,4,0,0,0,,44.0,1.0,0.0
239,quinn,server,quic_server_test_0rtt,,,/QUIC-FormalVerification/QUIC-Ivy/doc/examples/quic/test/temp/239/quic_server_test_0rtt39.iev,16,0,0,0,1,12,0,0,0,106,30,0,0,4,0,0,0,,43.0,1.0,0.0
240,quinn,server,quic_server_test_0rtt,,,/QUIC-FormalVerification/QUIC-Ivy/doc/examples/quic/test/temp/240/quic_server_test_0rtt40.iev,16,0,0,0,1,10,0,0,0,121,23,0,0,4,0,0,0,,36.0,1.0,0.0
241,quinn,server,quic_server_test_0rtt,,,/QUIC-FormalVerification/QUIC-Ivy/doc/examples/quic/test/temp/241/quic_server_test_0rtt41.iev,16,0,0,0,1,8,0,0,0,104,32,0,0,4,0,0,0,,45.0,1.0,0.0
242,quinn,server,quic_server_test_0rtt,,,/QUIC-FormalVerification/QUIC-Ivy/doc/examples/quic/test/temp/242/quic_server_test_0rtt42.iev,16,0,0,0,1,13,0,0,0,115,29,0,0,4,0,0,0,,42.0,1.0,0.0
243,quinn,server,quic_server_test_0rtt,,,/QUIC-FormalVerification/QUIC-Ivy/doc/examples/quic/test/temp/243/quic_server_test_0rtt43.iev,17,0,0,0,1,10,0,0,0,110,31,0,0,4,0,0,0,,45.0,1.0,0.0
244,quinn,server,quic_server_test_0rtt,,,/QUIC-FormalVerification/QUIC-Ivy/doc/examples/quic/test/temp/244/quic_server_test_0rtt44.iev,16,0,0,0,1,12,0,0,0,107,34,0,0,4,0,0,0,,47.0,1.0,0.0
245,quinn,server,quic_server_test_0rtt,,,/QUIC-FormalVerification/QUIC-Ivy/doc/examples/quic/test/temp/245/quic_server_test_0rtt45.iev,15,0,0,0,1,9,0,0,0,116,29,0,0,4,0,0,0,,41.0,1.0,0.0
246,quinn,server,quic_server_test_0rtt,,,/QUIC-FormalVerification/QUIC-Ivy/doc/examples/quic/test/temp/246/quic_server_test_0rtt46.iev,16,0,0,0,1,6,0,0,0,57,27,0,0,4,0,0,2,,42.0,0.0,0.0
247,quinn,server,quic_server_test_0rtt,,,/QUIC-FormalVerification/QUIC-Ivy/doc/examples/quic/test/temp/247/quic_server_test_0rtt47.iev,17,0,0,0,1,13,0,0,0,98,34,0,0,4,0,0,0,,48.0,1.0,0.0
248,quinn,server,quic_server_test_0rtt,,,/QUIC-FormalVerification/QUIC-Ivy/doc/examples/quic/test/temp/248/quic_server_test_0rtt48.iev,16,0,0,0,1,5,0,0,0,126,23,0,0,4,0,0,0,,36.0,1.0,0.0
249,quinn,server,quic_server_test_0rtt,,,/QUIC-FormalVerification/QUIC-Ivy/doc/examples/quic/test/temp/249/quic_server_test_0rtt49.iev,16,0,0,0,1,13,0,0,0,86,25,0,0,4,0,0,0,,38.0,0.0,0.0
250,quinn,server,quic_server_test_0rtt,,,/QUIC-FormalVerification/QUIC-Ivy/doc/examples/quic/test/temp/250/quic_server_test_0rtt50.iev,16,0,0,0,1,13,0,0,0,101,34,0,0,4,0,0,0,,47.0,1.0,0.0
251,quinn,server,quic_server_test_0rtt,,,/QUIC-FormalVerification/QUIC-Ivy/doc/examples/quic/test/temp/251/quic_server_test_0rtt51.iev,18,0,0,0,1,9,0,0,0,119,22,0,0,4,0,0,0,,37.0,1.0,0.0
252,quinn,server,quic_server_test_0rtt,,"ivy_return_code(1) assumption_failed("""")",/QUIC-FormalVerification/QUIC-Ivy/doc/examples/quic/test/temp/252/quic_server_test_0rtt52.iev,14,0,0,0,1,10,1,0,0,65,28,0,0,4,0,0,0,,38.0,0.0,0.0
253,quinn,server,quic_server_test_0rtt,,,/QUIC-FormalVerification/QUIC-Ivy/doc/examples/quic/test/temp/253/quic_server_test_0rtt53.iev,16,0,0,0,1,10,0,0,0,121,25,0,0,4,0,0,0,,38.0,1.0,0.0
254,quinn,server,quic_server_test_0rtt,,,/QUIC-FormalVerification/QUIC-Ivy/doc/examples/quic/test/temp/254/quic_server_test_0rtt54.iev,16,0,0,0,1,8,0,0,0,125,27,0,0,4,0,0,0,,40.0,1.0,0.0
255,quinn,server,quic_server_test_0rtt,,,/QUIC-FormalVerification/QUIC-Ivy/doc/examples/quic/test/temp/255/quic_server_test_0rtt55.iev,16,0,0,0,1,12,0,0,0,107,28,0,0,4,0,0,0,,41.0,1.0,0.0
256,quinn,server,quic_server_test_0rtt,,,/QUIC-FormalVerification/QUIC-Ivy/doc/examples/quic/test/temp/256/quic_server_test_0rtt56.iev,16,0,0,0,1,14,0,0,0,102,36,0,0,4,0,0,0,,49.0,1.0,0.0
257,quinn,server,quic_server_test_0rtt,,,/QUIC-FormalVerification/QUIC-Ivy/doc/examples/quic/test/temp/257/quic_server_test_0rtt57.iev,16,0,0,0,1,11,0,0,0,110,32,0,0,4,0,0,0,,43.0,1.0,0.0
258,quinn,server,quic_server_test_0rtt,,,/QUIC-FormalVerification/QUIC-Ivy/doc/examples/quic/test/temp/258/quic_server_test_0rtt58.iev,18,0,0,0,1,12,0,0,0,112,26,0,0,4,0,0,0,,41.0,1.0,0.0
259,quinn,server,quic_server_test_0rtt,,,/QUIC-FormalVerification/QUIC-Ivy/doc/examples/quic/test/temp/259/quic_server_test_0rtt59.iev,16,0,0,0,1,8,0,0,0,130,20,0,0,4,0,0,0,,33.0,1.0,0.0
260,quinn,server,quic_server_test_0rtt,,,/QUIC-FormalVerification/QUIC-Ivy/doc/examples/quic/test/temp/260/quic_server_test_0rtt60.iev,20,0,0,0,1,11,0,0,0,100,34,0,0,4,0,0,0,,51.0,1.0,0.0
261,quinn,server,quic_server_test_0rtt,,,/QUIC-FormalVerification/QUIC-Ivy/doc/examples/quic/test/temp/261/quic_server_test_0rtt61.iev,15,0,0,0,1,9,0,0,0,125,22,0,0,4,0,0,0,,34.0,1.0,0.0
262,quinn,server,quic_server_test_0rtt,,,/QUIC-FormalVerification/QUIC-Ivy/doc/examples/quic/test/temp/262/quic_server_test_0rtt62.iev,15,0,0,0,1,6,0,0,0,131,21,0,0,4,0,0,0,,33.0,1.0,0.0
263,quinn,server,quic_server_test_0rtt,,,/QUIC-FormalVerification/QUIC-Ivy/doc/examples/quic/test/temp/263/quic_server_test_0rtt63.iev,16,0,0,0,1,11,0,0,0,112,27,0,0,4,0,0,0,,40.0,1.0,0.0
264,quinn,server,quic_server_test_0rtt,,,/QUIC-FormalVerification/QUIC-Ivy/doc/examples/quic/test/temp/264/quic_server_test_0rtt64.iev,16,0,0,0,1,11,0,0,0,110,29,0,0,4,0,0,0,,42.0,1.0,0.0
265,quinn,server,quic_server_test_0rtt,,,/QUIC-FormalVerification/QUIC-Ivy/doc/examples/quic/test/temp/265/quic_server_test_0rtt65.iev,15,0,0,0,1,4,0,0,0,101,24,0,0,4,0,0,0,,36.0,0.0,0.0
266,quinn,server,quic_server_test_0rtt,,,/QUIC-FormalVerification/QUIC-Ivy/doc/examples/quic/test/temp/266/quic_server_test_0rtt66.iev,15,0,0,0,1,7,0,0,0,122,24,0,0,4,0,0,0,,36.0,1.0,0.0
267,quinn,server,quic_server_test_0rtt,,,/QUIC-FormalVerification/QUIC-Ivy/doc/examples/quic/test/temp/267/quic_server_test_0rtt67.iev,16,0,0,0,1,11,0,0,0,112,33,0,0,4,0,0,0,,46.0,1.0,0.0
268,quinn,server,quic_server_test_0rtt,,,/QUIC-FormalVerification/QUIC-Ivy/doc/examples/quic/test/temp/268/quic_server_test_0rtt68.iev,16,0,0,0,1,11,0,0,0,109,29,0,0,4,0,0,0,,42.0,1.0,0.0
269,quinn,server,quic_server_test_0rtt,,,/QUIC-FormalVerification/QUIC-Ivy/doc/examples/quic/test/temp/269/quic_server_test_0rtt69.iev,17,0,0,0,1,9,0,0,0,110,31,0,0,4,0,0,0,,45.0,1.0,0.0
270,quinn,server,quic_server_test_0rtt,,,/QUIC-FormalVerification/QUIC-Ivy/doc/examples/quic/test/temp/270/quic_server_test_0rtt70.iev,16,0,0,0,1,8,0,0,0,118,24,0,0,4,0,0,0,,37.0,1.0,0.0
271,quinn,server,quic_server_test_0rtt,,,/QUIC-FormalVerification/QUIC-Ivy/doc/examples/quic/test/temp/271/quic_server_test_0rtt71.iev,16,0,0,0,1,11,0,0,0,112,28,0,0,4,0,0,0,,41.0,1.0,0.0
272,quinn,server,quic_server_test_0rtt,,,/QUIC-FormalVerification/QUIC-Ivy/doc/examples/quic/test/temp/272/quic_server_test_0rtt72.iev,16,0,0,0,1,2,0,0,0,136,18,0,0,4,0,0,0,,31.0,1.0,0.0
273,quinn,server,quic_server_test_0rtt,,,/QUIC-FormalVerification/QUIC-Ivy/doc/examples/quic/test/temp/273/quic_server_test_0rtt73.iev,16,0,0,0,1,7,0,0,0,129,22,0,0,4,0,0,0,,35.0,1.0,0.0
274,quinn,server,quic_server_test_0rtt,,,/QUIC-FormalVerification/QUIC-Ivy/doc/examples/quic/test/temp/274/quic_server_test_0rtt74.iev,20,0,0,0,1,10,0,0,0,116,28,0,0,4,0,0,0,,45.0,1.0,0.0
275,quinn,server,quic_server_test_0rtt,,,/QUIC-FormalVerification/QUIC-Ivy/doc/examples/quic/test/temp/275/quic_server_test_0rtt75.iev,17,0,0,0,1,12,0,0,0,99,31,0,0,4,0,0,0,,45.0,1.0,0.0
276,quinn,server,quic_server_test_0rtt,,,/QUIC-FormalVerification/QUIC-Ivy/doc/examples/quic/test/temp/276/quic_server_test_0rtt76.iev,16,0,0,0,1,10,0,0,0,116,27,0,0,4,0,0,0,,40.0,1.0,0.0
277,quinn,server,quic_server_test_0rtt,,,/QUIC-FormalVerification/QUIC-Ivy/doc/examples/quic/test/temp/277/quic_server_test_0rtt77.iev,18,0,0,0,1,14,0,0,0,97,33,0,0,4,0,0,0,,48.0,1.0,0.0
278,quinn,server,quic_server_test_0rtt,,,/QUIC-FormalVerification/QUIC-Ivy/doc/examples/quic/test/temp/278/quic_server_test_0rtt78.iev,16,0,0,0,1,14,0,0,0,107,35,0,0,4,0,0,0,,48.0,1.0,0.0
279,quinn,server,quic_server_test_0rtt,,,/QUIC-FormalVerification/QUIC-Ivy/doc/examples/quic/test/temp/279/quic_server_test_0rtt79.iev,16,0,0,0,1,11,0,0,0,114,25,0,0,4,0,0,0,,38.0,1.0,0.0
280,quinn,server,quic_server_test_0rtt,,,/QUIC-FormalVerification/QUIC-Ivy/doc/examples/quic/test/temp/280/quic_server_test_0rtt80.iev,15,0,0,0,1,9,0,0,0,116,29,0,0,4,0,0,0,,41.0,1.0,0.0
281,quinn,server,quic_server_test_0rtt,,,/QUIC-FormalVerification/QUIC-Ivy/doc/examples/quic/test/temp/281/quic_server_test_0rtt81.iev,17,0,0,0,1,13,0,0,0,90,33,0,0,4,0,0,0,,47.0,0.0,0.0
282,quinn,server,quic_server_test_0rtt,,,/QUIC-FormalVerification/QUIC-Ivy/doc/examples/quic/test/temp/282/quic_server_test_0rtt82.iev,16,0,0,0,1,12,0,0,0,107,37,0,0,4,0,0,0,,49.0,1.0,0.0
283,quinn,server,quic_server_test_0rtt,,,/QUIC-FormalVerification/QUIC-Ivy/doc/examples/quic/test/temp/283/quic_server_test_0rtt83.iev,16,0,0,0,1,14,0,0,0,99,34,0,0,4,0,0,0,,47.0,1.0,0.0
284,quinn,server,quic_server_test_0rtt,,,/QUIC-FormalVerification/QUIC-Ivy/doc/examples/quic/test/temp/284/quic_server_test_0rtt84.iev,11,0,0,0,1,13,0,0,0,127,23,0,0,4,0,0,0,,31.0,0.0,0.0
285,quinn,server,quic_server_test_0rtt,,,/QUIC-FormalVerification/QUIC-Ivy/doc/examples/quic/test/temp/285/quic_server_test_0rtt85.iev,16,0,0,0,1,11,0,0,0,115,26,0,0,4,0,0,0,,39.0,1.0,0.0
286,quinn,server,quic_server_test_0rtt,,,/QUIC-FormalVerification/QUIC-Ivy/doc/examples/quic/test/temp/286/quic_server_test_0rtt86.iev,18,0,0,0,1,12,0,0,0,102,33,0,0,4,0,0,0,,48.0,1.0,0.0
287,quinn,server,quic_server_test_0rtt,,,/QUIC-FormalVerification/QUIC-Ivy/doc/examples/quic/test/temp/287/quic_server_test_0rtt87.iev,16,0,0,0,1,6,0,0,0,128,20,0,0,4,0,0,0,,33.0,1.0,0.0
288,quinn,server,quic_server_test_0rtt,,,/QUIC-FormalVerification/QUIC-Ivy/doc/examples/quic/test/temp/288/quic_server_test_0rtt88.iev,16,0,0,0,1,8,0,0,0,109,31,0,0,4,0,0,0,,44.0,1.0,0.0
289,quinn,server,quic_server_test_0rtt,,,/QUIC-FormalVerification/QUIC-Ivy/doc/examples/quic/test/temp/289/quic_server_test_0rtt89.iev,17,0,0,0,1,8,0,0,0,118,29,0,0,4,0,0,0,,41.0,1.0,0.0
290,quinn,server,quic_server_test_0rtt,,,/QUIC-FormalVerification/QUIC-Ivy/doc/examples/quic/test/temp/290/quic_server_test_0rtt90.iev,16,0,0,0,1,9,0,0,0,116,30,0,0,4,0,0,0,,43.0,1.0,0.0
291,quinn,server,quic_server_test_0rtt,,,/QUIC-FormalVerification/QUIC-Ivy/doc/examples/quic/test/temp/291/quic_server_test_0rtt91.iev,16,0,0,0,1,13,0,0,0,108,30,0,0,4,0,0,0,,43.0,1.0,0.0
292,quinn,server,quic_server_test_0rtt,,,/QUIC-FormalVerification/QUIC-Ivy/doc/examples/quic/test/temp/292/quic_server_test_0rtt92.iev,18,0,0,0,1,13,0,0,0,90,40,0,0,4,0,0,0,,55.0,1.0,0.0
293,quinn,server,quic_server_test_0rtt,,,/QUIC-FormalVerification/QUIC-Ivy/doc/examples/quic/test/temp/293/quic_server_test_0rtt93.iev,16,0,0,0,1,10,0,0,0,133,17,0,0,4,0,0,0,,30.0,1.0,0.0
294,quinn,server,quic_server_test_0rtt,,,/QUIC-FormalVerification/QUIC-Ivy/doc/examples/quic/test/temp/294/quic_server_test_0rtt94.iev,17,0,0,0,1,8,0,0,0,118,24,0,0,4,0,0,0,,38.0,1.0,0.0
295,quinn,server,quic_server_test_0rtt,,"ivy_return_code(1) assumption_failed("""")",/QUIC-FormalVerification/QUIC-Ivy/doc/examples/quic/test/temp/295/quic_server_test_0rtt95.iev,16,0,0,0,1,10,1,0,0,63,22,0,0,4,0,0,0,,33.0,0.0,0.0
296,quinn,server,quic_server_test_0rtt,,,/QUIC-FormalVerification/QUIC-Ivy/doc/examples/quic/test/temp/296/quic_server_test_0rtt96.iev,16,0,0,0,1,14,0,0,0,97,37,0,0,4,0,0,0,,50.0,1.0,0.0
297,quinn,server,quic_server_test_0rtt,,,/QUIC-FormalVerification/QUIC-Ivy/doc/examples/quic/test/temp/297/quic_server_test_0rtt97.iev,18,0,0,0,1,8,0,0,0,111,32,0,0,4,0,0,0,,47.0,1.0,0.0
298,quinn,server,quic_server_test_0rtt,,,/QUIC-FormalVerification/QUIC-Ivy/doc/examples/quic/test/temp/298/quic_server_test_0rtt98.iev,14,0,0,0,1,5,0,0,0,134,20,0,0,4,0,0,0,,31.0,1.0,0.0
299,quinn,server,quic_server_test_0rtt,,,/QUIC-FormalVerification/QUIC-Ivy/doc/examples/quic/test/temp/299/quic_server_test_0rtt99.iev,17,0,0,0,1,9,0,0,0,112,30,0,0,4,0,0,0,,44.0,1.0,0.0
