Run,Implementation,Mode,TestName,Status,ErrorIEV,OutputFile,NbPktSend,isPass,ErrorOUT,ErrorERR
1,aioquic,server,quic_server_test_retry,,No Error,/home/user/Documents/QUIC-FormalVerification/results/aioquic-server/134/quic_server_test_retry0.iev,35.0,1.0,,
2,aioquic,server,quic_server_test_version_negociation,,Handshake not completed,/home/user/Documents/QUIC-FormalVerification/results/aioquic-server/352/quic_server_test_version_negociation0.iev,31.0,0.0,,
5,aioquic,server,quic_server_test_version_negociation,,No Error,/home/user/Documents/QUIC-FormalVerification/results/aioquic-server/350/quic_server_test_version_negociation0.iev,41.0,1.0,,
6,aioquic,server,quic_server_test_retry,,No Error,/home/user/Documents/QUIC-FormalVerification/results/aioquic-server/170/quic_server_test_retry0.iev,38.0,1.0,,
11,aioquic,server,quic_server_test_version_negociation,,require ~_generating & ~queued_non_ack(scid) -> ack_credit(scid) > 0  # [5]+,/home/user/Documents/QUIC-FormalVerification/results/aioquic-server/349/quic_server_test_version_negociation0.iev,22.0,0.0,,
12,aioquic,server,quic_server_test_retry,,require ~_generating & ~queued_non_ack(scid) -> ack_credit(scid) > 0  # [5]+,/home/user/Documents/QUIC-FormalVerification/results/aioquic-server/185/quic_server_test_retry0.iev,22.0,0.0,,
13,aioquic,server,quic_server_test_version_negociation,,Handshake not completed,/home/user/Documents/QUIC-FormalVerification/results/aioquic-server/379/quic_server_test_version_negociation0.iev,27.0,0.0,,
16,aioquic,server,quic_server_test_version_negociation,,Handshake not completed,/home/user/Documents/QUIC-FormalVerification/results/aioquic-server/322/quic_server_test_version_negociation0.iev,34.0,0.0,,
17,aioquic,server,quic_server_test_version_negociation,,Handshake not completed,/home/user/Documents/QUIC-FormalVerification/results/aioquic-server/325/quic_server_test_version_negociation0.iev,18.0,0.0,,
18,aioquic,server,quic_server_test_version_negociation,,require ~_generating & ~queued_non_ack(scid) -> ack_credit(scid) > 0  # [5]+,/home/user/Documents/QUIC-FormalVerification/results/aioquic-server/345/quic_server_test_version_negociation0.iev,37.0,0.0,,
21,aioquic,server,quic_server_test_retry,,No Error,/home/user/Documents/QUIC-FormalVerification/results/aioquic-server/192/quic_server_test_retry0.iev,18.0,1.0,,
22,aioquic,server,quic_server_test_retry,,require ~_generating & ~queued_non_ack(scid) -> ack_credit(scid) > 0  # [5]+,/home/user/Documents/QUIC-FormalVerification/results/aioquic-server/106/quic_server_test_retry0.iev,18.0,0.0,,
25,aioquic,server,quic_server_test_retry,,require ~_generating & ~queued_non_ack(scid) -> ack_credit(scid) > 0  # [5]+,/home/user/Documents/QUIC-FormalVerification/results/aioquic-server/103/quic_server_test_retry0.iev,18.0,0.0,,
26,aioquic,server,quic_server_test_retry,,require ~_generating & ~queued_non_ack(scid) -> ack_credit(scid) > 0  # [5]+,/home/user/Documents/QUIC-FormalVerification/results/aioquic-server/167/quic_server_test_retry0.iev,24.0,0.0,,
27,aioquic,server,quic_server_test_retry,,No Error,/home/user/Documents/QUIC-FormalVerification/results/aioquic-server/129/quic_server_test_retry0.iev,20.0,1.0,,
29,aioquic,server,quic_server_test_retry,,require ~_generating & ~queued_non_ack(scid) -> ack_credit(scid) > 0  # [5]+,/home/user/Documents/QUIC-FormalVerification/results/aioquic-server/158/quic_server_test_retry0.iev,23.0,0.0,,
31,aioquic,server,quic_server_test_retry,,No Error,/home/user/Documents/QUIC-FormalVerification/results/aioquic-server/140/quic_server_test_retry0.iev,26.0,1.0,,
32,aioquic,server,quic_server_test_version_negociation,,Handshake not completed,/home/user/Documents/QUIC-FormalVerification/results/aioquic-server/301/quic_server_test_version_negociation0.iev,31.0,0.0,,
37,aioquic,server,quic_server_test_retry,,require ~_generating & ~queued_non_ack(scid) -> ack_credit(scid) > 0  # [5]+,/home/user/Documents/QUIC-FormalVerification/results/aioquic-server/151/quic_server_test_retry0.iev,19.0,0.0,,
39,aioquic,server,quic_server_test_retry,,require ~_generating & ~queued_non_ack(scid) -> ack_credit(scid) > 0  # [5]+,/home/user/Documents/QUIC-FormalVerification/results/aioquic-server/138/quic_server_test_retry0.iev,26.0,0.0,,
40,aioquic,server,quic_server_test_retry,,require ~_generating & ~queued_non_ack(scid) -> ack_credit(scid) > 0  # [5]+,/home/user/Documents/QUIC-FormalVerification/results/aioquic-server/116/quic_server_test_retry0.iev,17.0,0.0,,
42,aioquic,server,quic_server_test_retry,,require ~_generating & ~queued_non_ack(scid) -> ack_credit(scid) > 0  # [5]+,/home/user/Documents/QUIC-FormalVerification/results/aioquic-server/100/quic_server_test_retry0.iev,19.0,0.0,,
45,aioquic,server,quic_server_test_version_negociation,,Handshake not completed,/home/user/Documents/QUIC-FormalVerification/results/aioquic-server/304/quic_server_test_version_negociation0.iev,43.0,0.0,,
46,aioquic,server,quic_server_test_retry,,require ~_generating & ~queued_non_ack(scid) -> ack_credit(scid) > 0  # [5]+,/home/user/Documents/QUIC-FormalVerification/results/aioquic-server/194/quic_server_test_retry0.iev,25.0,0.0,,
47,aioquic,server,quic_server_test_version_negociation,,Handshake not completed,/home/user/Documents/QUIC-FormalVerification/results/aioquic-server/375/quic_server_test_version_negociation0.iev,27.0,0.0,,
48,aioquic,server,quic_server_test_retry,,require ~_generating & ~queued_non_ack(scid) -> ack_credit(scid) > 0  # [5]+,/home/user/Documents/QUIC-FormalVerification/results/aioquic-server/184/quic_server_test_retry0.iev,15.0,0.0,,
52,aioquic,server,quic_server_test_version_negociation,,require ~_generating & ~queued_non_ack(scid) -> ack_credit(scid) > 0  # [5]+,/home/user/Documents/QUIC-FormalVerification/results/aioquic-server/384/quic_server_test_version_negociation0.iev,47.0,0.0,,
54,aioquic,server,quic_server_test_retry,,require ~_generating & ~queued_non_ack(scid) -> ack_credit(scid) > 0  # [5]+,/home/user/Documents/QUIC-FormalVerification/results/aioquic-server/142/quic_server_test_retry0.iev,19.0,0.0,,
55,aioquic,server,quic_server_test_retry,,require ~_generating & ~queued_non_ack(scid) -> ack_credit(scid) > 0  # [5]+,/home/user/Documents/QUIC-FormalVerification/results/aioquic-server/131/quic_server_test_retry0.iev,19.0,0.0,,
56,aioquic,server,quic_server_test_version_negociation,,require ~_generating & ~queued_non_ack(scid) -> ack_credit(scid) > 0  # [5]+,/home/user/Documents/QUIC-FormalVerification/results/aioquic-server/399/quic_server_test_version_negociation0.iev,24.0,0.0,,
57,aioquic,server,quic_server_test_retry,,require ~_generating & ~queued_non_ack(scid) -> ack_credit(scid) > 0  # [5]+,/home/user/Documents/QUIC-FormalVerification/results/aioquic-server/137/quic_server_test_retry0.iev,23.0,0.0,,
60,aioquic,server,quic_server_test_version_negociation,,Handshake not completed,/home/user/Documents/QUIC-FormalVerification/results/aioquic-server/343/quic_server_test_version_negociation0.iev,24.0,0.0,,
61,aioquic,server,quic_server_test_retry,,require ~_generating & ~queued_non_ack(scid) -> ack_credit(scid) > 0  # [5]+,/home/user/Documents/QUIC-FormalVerification/results/aioquic-server/177/quic_server_test_retry0.iev,22.0,0.0,,
63,aioquic,server,quic_server_test_retry,,No Error,/home/user/Documents/QUIC-FormalVerification/results/aioquic-server/146/quic_server_test_retry0.iev,43.0,1.0,,
64,aioquic,server,quic_server_test_retry,,No Error,/home/user/Documents/QUIC-FormalVerification/results/aioquic-server/113/quic_server_test_retry0.iev,31.0,1.0,,
65,aioquic,server,quic_server_test_retry,,No Error,/home/user/Documents/QUIC-FormalVerification/results/aioquic-server/150/quic_server_test_retry0.iev,28.0,1.0,,
68,aioquic,server,quic_server_test_version_negociation,,require ~_generating & ~queued_non_ack(scid) -> ack_credit(scid) > 0  # [5]+,/home/user/Documents/QUIC-FormalVerification/results/aioquic-server/368/quic_server_test_version_negociation0.iev,21.0,0.0,,
69,aioquic,server,quic_server_test_retry,,No Error,/home/user/Documents/QUIC-FormalVerification/results/aioquic-server/157/quic_server_test_retry0.iev,37.0,1.0,,
70,aioquic,server,quic_server_test_version_negociation,,require ~_generating & ~queued_non_ack(scid) -> ack_credit(scid) > 0  # [5]+,/home/user/Documents/QUIC-FormalVerification/results/aioquic-server/341/quic_server_test_version_negociation0.iev,24.0,0.0,,
71,aioquic,server,quic_server_test_retry,,require ~_generating & ~queued_non_ack(scid) -> ack_credit(scid) > 0  # [5]+,/home/user/Documents/QUIC-FormalVerification/results/aioquic-server/114/quic_server_test_retry0.iev,17.0,0.0,,
72,aioquic,server,quic_server_test_version_negociation,,Handshake not completed,/home/user/Documents/QUIC-FormalVerification/results/aioquic-server/396/quic_server_test_version_negociation0.iev,27.0,0.0,,
74,aioquic,server,quic_server_test_retry,,require ~_generating & ~queued_non_ack(scid) -> ack_credit(scid) > 0  # [5]+,/home/user/Documents/QUIC-FormalVerification/results/aioquic-server/189/quic_server_test_retry0.iev,24.0,0.0,,
75,aioquic,server,quic_server_test_version_negociation,,Handshake not completed,/home/user/Documents/QUIC-FormalVerification/results/aioquic-server/331/quic_server_test_version_negociation0.iev,33.0,0.0,,
76,aioquic,server,quic_server_test_retry,,require ~_generating & ~queued_non_ack(scid) -> ack_credit(scid) > 0  # [5]+,/home/user/Documents/QUIC-FormalVerification/results/aioquic-server/183/quic_server_test_retry0.iev,21.0,0.0,,
78,aioquic,server,quic_server_test_retry,,No Error,/home/user/Documents/QUIC-FormalVerification/results/aioquic-server/193/quic_server_test_retry0.iev,24.0,1.0,,
80,aioquic,server,quic_server_test_retry,,require ~_generating & ~queued_non_ack(scid) -> ack_credit(scid) > 0  # [5]+,/home/user/Documents/QUIC-FormalVerification/results/aioquic-server/117/quic_server_test_retry0.iev,16.0,0.0,,
81,aioquic,server,quic_server_test_retry,,require ~_generating & ~queued_non_ack(scid) -> ack_credit(scid) > 0  # [5]+,/home/user/Documents/QUIC-FormalVerification/results/aioquic-server/110/quic_server_test_retry0.iev,17.0,0.0,,
83,aioquic,server,quic_server_test_version_negociation,,Handshake not completed,/home/user/Documents/QUIC-FormalVerification/results/aioquic-server/382/quic_server_test_version_negociation0.iev,29.0,0.0,,
84,aioquic,server,quic_server_test_retry,,require ~_generating & ~queued_non_ack(scid) -> ack_credit(scid) > 0  # [5]+,/home/user/Documents/QUIC-FormalVerification/results/aioquic-server/156/quic_server_test_retry0.iev,14.0,0.0,,
85,aioquic,server,quic_server_test_version_negociation,,Handshake not completed,/home/user/Documents/QUIC-FormalVerification/results/aioquic-server/357/quic_server_test_version_negociation0.iev,28.0,0.0,,
87,aioquic,server,quic_server_test_retry,,require ~_generating & ~queued_non_ack(scid) -> ack_credit(scid) > 0  # [5]+,/home/user/Documents/QUIC-FormalVerification/results/aioquic-server/155/quic_server_test_retry0.iev,17.0,0.0,,
88,aioquic,server,quic_server_test_retry,,Handshake not completed,/home/user/Documents/QUIC-FormalVerification/results/aioquic-server/166/quic_server_test_retry0.iev,29.0,0.0,,
89,aioquic,server,quic_server_test_retry,,require ~_generating & ~queued_non_ack(scid) -> ack_credit(scid) > 0  # [5]+,/home/user/Documents/QUIC-FormalVerification/results/aioquic-server/141/quic_server_test_retry0.iev,15.0,0.0,,
96,aioquic,server,quic_server_test_version_negociation,,require ~_generating & ~queued_non_ack(scid) -> ack_credit(scid) > 0  # [5]+,/home/user/Documents/QUIC-FormalVerification/results/aioquic-server/326/quic_server_test_version_negociation0.iev,24.0,0.0,,
98,aioquic,server,quic_server_test_version_negociation,,Handshake not completed,/home/user/Documents/QUIC-FormalVerification/results/aioquic-server/317/quic_server_test_version_negociation0.iev,34.0,0.0,,
101,aioquic,server,quic_server_test_retry,,require ~_generating & ~queued_non_ack(scid) -> ack_credit(scid) > 0  # [5]+,/home/user/Documents/QUIC-FormalVerification/results/aioquic-server/199/quic_server_test_retry0.iev,16.0,0.0,,
104,aioquic,server,quic_server_test_retry,,No Error,/home/user/Documents/QUIC-FormalVerification/results/aioquic-server/143/quic_server_test_retry0.iev,30.0,1.0,,
106,aioquic,server,quic_server_test_retry,,require ~_generating & ~queued_non_ack(scid) -> ack_credit(scid) > 0  # [5]+,/home/user/Documents/QUIC-FormalVerification/results/aioquic-server/152/quic_server_test_retry0.iev,25.0,0.0,,
107,aioquic,server,quic_server_test_retry,,require ~_generating & ~queued_non_ack(scid) -> ack_credit(scid) > 0  # [5]+,/home/user/Documents/QUIC-FormalVerification/results/aioquic-server/190/quic_server_test_retry0.iev,21.0,0.0,,
108,aioquic,server,quic_server_test_retry,,No Error,/home/user/Documents/QUIC-FormalVerification/results/aioquic-server/130/quic_server_test_retry0.iev,30.0,1.0,,
111,aioquic,server,quic_server_test_retry,,No Error,/home/user/Documents/QUIC-FormalVerification/results/aioquic-server/115/quic_server_test_retry0.iev,23.0,1.0,,
114,aioquic,server,quic_server_test_version_negociation,,require ~_generating & ~queued_non_ack(scid) -> ack_credit(scid) > 0  # [5]+,/home/user/Documents/QUIC-FormalVerification/results/aioquic-server/393/quic_server_test_version_negociation0.iev,29.0,0.0,,
117,aioquic,server,quic_server_test_version_negociation,,require ~_generating & ~queued_non_ack(scid) -> ack_credit(scid) > 0  # [5]+,/home/user/Documents/QUIC-FormalVerification/results/aioquic-server/336/quic_server_test_version_negociation0.iev,17.0,0.0,,
120,aioquic,server,quic_server_test_version_negociation,,Handshake not completed,/home/user/Documents/QUIC-FormalVerification/results/aioquic-server/324/quic_server_test_version_negociation0.iev,22.0,0.0,,
121,aioquic,server,quic_server_test_version_negociation,,require ~_generating & ~queued_non_ack(scid) -> ack_credit(scid) > 0  # [5]+,/home/user/Documents/QUIC-FormalVerification/results/aioquic-server/365/quic_server_test_version_negociation0.iev,21.0,0.0,,
122,aioquic,server,quic_server_test_version_negociation,,require ~_generating & ~queued_non_ack(scid) -> ack_credit(scid) > 0  # [5]+,/home/user/Documents/QUIC-FormalVerification/results/aioquic-server/340/quic_server_test_version_negociation0.iev,20.0,0.0,,
124,aioquic,server,quic_server_test_retry,,require ~_generating & ~queued_non_ack(scid) -> ack_credit(scid) > 0  # [5]+,/home/user/Documents/QUIC-FormalVerification/results/aioquic-server/153/quic_server_test_retry0.iev,14.0,0.0,,
125,aioquic,server,quic_server_test_retry,,require ~_generating & ~queued_non_ack(scid) -> ack_credit(scid) > 0  # [5]+,/home/user/Documents/QUIC-FormalVerification/results/aioquic-server/144/quic_server_test_retry0.iev,28.0,0.0,,
127,aioquic,server,quic_server_test_version_negociation,,require ~_generating & ~queued_non_ack(scid) -> ack_credit(scid) > 0  # [5]+,/home/user/Documents/QUIC-FormalVerification/results/aioquic-server/353/quic_server_test_version_negociation0.iev,19.0,0.0,,
128,aioquic,server,quic_server_test_version_negociation,,require ~_generating & ~queued_non_ack(scid) -> ack_credit(scid) > 0  # [5]+,/home/user/Documents/QUIC-FormalVerification/results/aioquic-server/329/quic_server_test_version_negociation0.iev,24.0,0.0,,
130,aioquic,server,quic_server_test_version_negociation,,require ~_generating & ~queued_non_ack(scid) -> ack_credit(scid) > 0  # [5]+,/home/user/Documents/QUIC-FormalVerification/results/aioquic-server/398/quic_server_test_version_negociation0.iev,19.0,0.0,,
133,aioquic,server,quic_server_test_retry,,require ~_generating & ~queued_non_ack(scid) -> ack_credit(scid) > 0  # [5]+,/home/user/Documents/QUIC-FormalVerification/results/aioquic-server/171/quic_server_test_retry0.iev,18.0,0.0,,
134,aioquic,server,quic_server_test_version_negociation,,Handshake not completed,/home/user/Documents/QUIC-FormalVerification/results/aioquic-server/337/quic_server_test_version_negociation0.iev,43.0,0.0,,
136,aioquic,server,quic_server_test_version_negociation,,require ~_generating & ~queued_non_ack(scid) -> ack_credit(scid) > 0  # [5]+,/home/user/Documents/QUIC-FormalVerification/results/aioquic-server/333/quic_server_test_version_negociation0.iev,24.0,0.0,,
137,aioquic,server,quic_server_test_version_negociation,,require ~_generating & ~queued_non_ack(scid) -> ack_credit(scid) > 0  # [5]+,/home/user/Documents/QUIC-FormalVerification/results/aioquic-server/392/quic_server_test_version_negociation0.iev,38.0,0.0,,
141,aioquic,server,quic_server_test_version_negociation,,Handshake not completed,/home/user/Documents/QUIC-FormalVerification/results/aioquic-server/388/quic_server_test_version_negociation0.iev,24.0,0.0,,
144,aioquic,server,quic_server_test_retry,,Handshake not completed,/home/user/Documents/QUIC-FormalVerification/results/aioquic-server/174/quic_server_test_retry0.iev,34.0,0.0,,
146,aioquic,server,quic_server_test_retry,,No Error,/home/user/Documents/QUIC-FormalVerification/results/aioquic-server/126/quic_server_test_retry0.iev,25.0,1.0,,
147,aioquic,server,quic_server_test_version_negociation,,require ~_generating & ~queued_non_ack(scid) -> ack_credit(scid) > 0  # [5]+,/home/user/Documents/QUIC-FormalVerification/results/aioquic-server/369/quic_server_test_version_negociation0.iev,24.0,0.0,,
148,aioquic,server,quic_server_test_version_negociation,,require ~_generating & ~queued_non_ack(scid) -> ack_credit(scid) > 0  # [5]+,/home/user/Documents/QUIC-FormalVerification/results/aioquic-server/363/quic_server_test_version_negociation0.iev,30.0,0.0,,
151,aioquic,server,quic_server_test_retry,,require ~_generating & ~queued_non_ack(scid) -> ack_credit(scid) > 0  # [5]+,/home/user/Documents/QUIC-FormalVerification/results/aioquic-server/101/quic_server_test_retry0.iev,32.0,0.0,,
152,aioquic,server,quic_server_test_version_negociation,,Handshake not completed,/home/user/Documents/QUIC-FormalVerification/results/aioquic-server/300/quic_server_test_version_negociation0.iev,32.0,0.0,,
153,aioquic,server,quic_server_test_version_negociation,,require ~_generating & ~queued_non_ack(scid) -> ack_credit(scid) > 0  # [5]+,/home/user/Documents/QUIC-FormalVerification/results/aioquic-server/310/quic_server_test_version_negociation0.iev,18.0,0.0,,
154,aioquic,server,quic_server_test_retry,,require ~_generating & ~queued_non_ack(scid) -> ack_credit(scid) > 0  # [5]+,/home/user/Documents/QUIC-FormalVerification/results/aioquic-server/154/quic_server_test_retry0.iev,17.0,0.0,,
156,aioquic,server,quic_server_test_version_negociation,,Handshake not completed,/home/user/Documents/QUIC-FormalVerification/results/aioquic-server/338/quic_server_test_version_negociation0.iev,21.0,0.0,,
159,aioquic,server,quic_server_test_version_negociation,,Handshake not completed,/home/user/Documents/QUIC-FormalVerification/results/aioquic-server/314/quic_server_test_version_negociation0.iev,23.0,0.0,,
160,aioquic,server,quic_server_test_retry,,Handshake not completed,/home/user/Documents/QUIC-FormalVerification/results/aioquic-server/108/quic_server_test_retry0.iev,23.0,0.0,,
161,aioquic,server,quic_server_test_retry,,No Error,/home/user/Documents/QUIC-FormalVerification/results/aioquic-server/162/quic_server_test_retry0.iev,19.0,1.0,,
162,aioquic,server,quic_server_test_retry,,No Error,/home/user/Documents/QUIC-FormalVerification/results/aioquic-server/176/quic_server_test_retry0.iev,23.0,1.0,,
163,aioquic,server,quic_server_test_retry,,require ~_generating & ~queued_non_ack(scid) -> ack_credit(scid) > 0  # [5]+,/home/user/Documents/QUIC-FormalVerification/results/aioquic-server/182/quic_server_test_retry0.iev,18.0,0.0,,
167,aioquic,server,quic_server_test_version_negociation,,Handshake not completed,/home/user/Documents/QUIC-FormalVerification/results/aioquic-server/334/quic_server_test_version_negociation0.iev,24.0,0.0,,
168,aioquic,server,quic_server_test_version_negociation,,require ~_generating & ~queued_non_ack(scid) -> ack_credit(scid) > 0  # [5]+,/home/user/Documents/QUIC-FormalVerification/results/aioquic-server/383/quic_server_test_version_negociation0.iev,28.0,0.0,,
171,aioquic,server,quic_server_test_retry,,require ~_generating & ~queued_non_ack(scid) -> ack_credit(scid) > 0  # [5]+,/home/user/Documents/QUIC-FormalVerification/results/aioquic-server/145/quic_server_test_retry0.iev,18.0,0.0,,
175,aioquic,server,quic_server_test_version_negociation,,require ~_generating & ~queued_non_ack(scid) -> ack_credit(scid) > 0  # [5]+,/home/user/Documents/QUIC-FormalVerification/results/aioquic-server/315/quic_server_test_version_negociation0.iev,27.0,0.0,,
176,aioquic,server,quic_server_test_retry,,require ~_generating & ~queued_non_ack(scid) -> ack_credit(scid) > 0  # [5]+,/home/user/Documents/QUIC-FormalVerification/results/aioquic-server/172/quic_server_test_retry0.iev,26.0,0.0,,
183,aioquic,server,quic_server_test_version_negociation,,require ~_generating & ~queued_non_ack(scid) -> ack_credit(scid) > 0  # [5]+,/home/user/Documents/QUIC-FormalVerification/results/aioquic-server/362/quic_server_test_version_negociation0.iev,19.0,0.0,,
184,aioquic,server,quic_server_test_retry,,require ~_generating & ~queued_non_ack(scid) -> ack_credit(scid) > 0  # [5]+,/home/user/Documents/QUIC-FormalVerification/results/aioquic-server/132/quic_server_test_retry0.iev,15.0,0.0,,
186,aioquic,server,quic_server_test_version_negociation,,Handshake not completed,/home/user/Documents/QUIC-FormalVerification/results/aioquic-server/308/quic_server_test_version_negociation0.iev,33.0,0.0,,
188,aioquic,server,quic_server_test_retry,,require ~_generating & ~queued_non_ack(scid) -> ack_credit(scid) > 0  # [5]+,/home/user/Documents/QUIC-FormalVerification/results/aioquic-server/165/quic_server_test_retry0.iev,17.0,0.0,,
191,aioquic,server,quic_server_test_retry,,No Error,/home/user/Documents/QUIC-FormalVerification/results/aioquic-server/125/quic_server_test_retry0.iev,21.0,1.0,,
193,aioquic,server,quic_server_test_version_negociation,,require ~_generating & ~queued_non_ack(scid) -> ack_credit(scid) > 0  # [5]+,/home/user/Documents/QUIC-FormalVerification/results/aioquic-server/371/quic_server_test_version_negociation0.iev,17.0,0.0,,
194,aioquic,server,quic_server_test_version_negociation,,Handshake not completed,/home/user/Documents/QUIC-FormalVerification/results/aioquic-server/367/quic_server_test_version_negociation0.iev,42.0,0.0,,
195,aioquic,server,quic_server_test_retry,,require ~_generating & ~queued_non_ack(scid) -> ack_credit(scid) > 0  # [5]+,/home/user/Documents/QUIC-FormalVerification/results/aioquic-server/175/quic_server_test_retry0.iev,22.0,0.0,,
196,aioquic,server,quic_server_test_retry,,require ~_generating & ~queued_non_ack(scid) -> ack_credit(scid) > 0  # [5]+,/home/user/Documents/QUIC-FormalVerification/results/aioquic-server/105/quic_server_test_retry0.iev,36.0,0.0,,
197,aioquic,server,quic_server_test_retry,,Handshake not completed,/home/user/Documents/QUIC-FormalVerification/results/aioquic-server/120/quic_server_test_retry0.iev,15.0,0.0,,
198,aioquic,server,quic_server_test_version_negociation,,require ~_generating & ~queued_non_ack(scid) -> ack_credit(scid) > 0  # [5]+,/home/user/Documents/QUIC-FormalVerification/results/aioquic-server/391/quic_server_test_version_negociation0.iev,22.0,0.0,,
200,aioquic,server,quic_server_test_version_negociation,,require ~_generating & ~queued_non_ack(scid) -> ack_credit(scid) > 0  # [5]+,/home/user/Documents/QUIC-FormalVerification/results/aioquic-server/319/quic_server_test_version_negociation0.iev,0.0,0.0,,
201,aioquic,server,quic_server_test_version_negociation,,Handshake not completed,/home/user/Documents/QUIC-FormalVerification/results/aioquic-server/374/quic_server_test_version_negociation0.iev,0.0,0.0,,
203,aioquic,server,quic_server_test_version_negociation,,require ~_generating & ~queued_non_ack(scid) -> ack_credit(scid) > 0  # [5]+,/home/user/Documents/QUIC-FormalVerification/results/aioquic-server/303/quic_server_test_version_negociation0.iev,0.0,0.0,,
204,aioquic,server,quic_server_test_version_negociation,,require ~_generating & ~queued_non_ack(scid) -> ack_credit(scid) > 0  # [5]+,/home/user/Documents/QUIC-FormalVerification/results/aioquic-server/389/quic_server_test_version_negociation0.iev,0.0,0.0,,
206,aioquic,server,quic_server_test_version_negociation,,Handshake not completed,/home/user/Documents/QUIC-FormalVerification/results/aioquic-server/356/quic_server_test_version_negociation0.iev,0.0,0.0,,
208,aioquic,server,quic_server_test_version_negociation,,Handshake not completed,/home/user/Documents/QUIC-FormalVerification/results/aioquic-server/361/quic_server_test_version_negociation0.iev,0.0,0.0,,
209,aioquic,server,quic_server_test_version_negociation,,require ~_generating & ~queued_non_ack(scid) -> ack_credit(scid) > 0  # [5]+,/home/user/Documents/QUIC-FormalVerification/results/aioquic-server/380/quic_server_test_version_negociation0.iev,0.0,0.0,,
210,aioquic,server,quic_server_test_retry,,No Error,/home/user/Documents/QUIC-FormalVerification/results/aioquic-server/121/quic_server_test_retry0.iev,0.0,1.0,,
212,aioquic,server,quic_server_test_version_negociation,,require ~_generating & ~queued_non_ack(scid) -> ack_credit(scid) > 0  # [5]+,/home/user/Documents/QUIC-FormalVerification/results/aioquic-server/311/quic_server_test_version_negociation0.iev,0.0,0.0,,
213,aioquic,server,quic_server_test_version_negociation,,require ~_generating & ~queued_non_ack(scid) -> ack_credit(scid) > 0  # [5]+,/home/user/Documents/QUIC-FormalVerification/results/aioquic-server/328/quic_server_test_version_negociation0.iev,0.0,0.0,,
214,aioquic,server,quic_server_test_retry,,require ~_generating & ~queued_non_ack(scid) -> ack_credit(scid) > 0  # [5]+,/home/user/Documents/QUIC-FormalVerification/results/aioquic-server/198/quic_server_test_retry0.iev,0.0,0.0,,
215,aioquic,server,quic_server_test_version_negociation,,require ~_generating & ~queued_non_ack(scid) -> ack_credit(scid) > 0  # [5]+,/home/user/Documents/QUIC-FormalVerification/results/aioquic-server/348/quic_server_test_version_negociation0.iev,0.0,0.0,,
217,aioquic,server,quic_server_test_retry,,No Error,/home/user/Documents/QUIC-FormalVerification/results/aioquic-server/160/quic_server_test_retry0.iev,0.0,1.0,,
218,aioquic,server,quic_server_test_version_negociation,,No Error,/home/user/Documents/QUIC-FormalVerification/results/aioquic-server/327/quic_server_test_version_negociation0.iev,0.0,1.0,,
220,aioquic,server,quic_server_test_version_negociation,,require ~_generating & ~queued_non_ack(scid) -> ack_credit(scid) > 0  # [5]+,/home/user/Documents/QUIC-FormalVerification/results/aioquic-server/359/quic_server_test_version_negociation0.iev,0.0,0.0,,
221,aioquic,server,quic_server_test_retry,,No Error,/home/user/Documents/QUIC-FormalVerification/results/aioquic-server/188/quic_server_test_retry0.iev,0.0,1.0,,
225,aioquic,server,quic_server_test_retry,,require ~_generating & ~queued_non_ack(scid) -> ack_credit(scid) > 0  # [5]+,/home/user/Documents/QUIC-FormalVerification/results/aioquic-server/102/quic_server_test_retry0.iev,0.0,0.0,,
226,aioquic,server,quic_server_test_retry,,No Error,/home/user/Documents/QUIC-FormalVerification/results/aioquic-server/112/quic_server_test_retry0.iev,0.0,1.0,,
227,aioquic,server,quic_server_test_retry,,require ~_generating & ~queued_non_ack(scid) -> ack_credit(scid) > 0  # [5]+,/home/user/Documents/QUIC-FormalVerification/results/aioquic-server/118/quic_server_test_retry0.iev,0.0,0.0,,
228,aioquic,server,quic_server_test_version_negociation,,Handshake not completed,/home/user/Documents/QUIC-FormalVerification/results/aioquic-server/307/quic_server_test_version_negociation0.iev,0.0,0.0,,
231,aioquic,server,quic_server_test_version_negociation,,require ~_generating & ~queued_non_ack(scid) -> ack_credit(scid) > 0  # [5]+,/home/user/Documents/QUIC-FormalVerification/results/aioquic-server/339/quic_server_test_version_negociation0.iev,0.0,0.0,,
234,aioquic,server,quic_server_test_version_negociation,,require ~_generating & ~queued_non_ack(scid) -> ack_credit(scid) > 0  # [5]+,/home/user/Documents/QUIC-FormalVerification/results/aioquic-server/390/quic_server_test_version_negociation0.iev,0.0,0.0,,
236,aioquic,server,quic_server_test_version_negociation,,require ~_generating & ~queued_non_ack(scid) -> ack_credit(scid) > 0  # [5]+,/home/user/Documents/QUIC-FormalVerification/results/aioquic-server/320/quic_server_test_version_negociation0.iev,0.0,0.0,,
238,aioquic,server,quic_server_test_version_negociation,,Handshake not completed,/home/user/Documents/QUIC-FormalVerification/results/aioquic-server/373/quic_server_test_version_negociation0.iev,0.0,0.0,,
241,aioquic,server,quic_server_test_version_negociation,,require ~_generating & ~queued_non_ack(scid) -> ack_credit(scid) > 0  # [5]+,/home/user/Documents/QUIC-FormalVerification/results/aioquic-server/332/quic_server_test_version_negociation0.iev,0.0,0.0,,
243,aioquic,server,quic_server_test_retry,,require ~_generating & ~queued_non_ack(scid) -> ack_credit(scid) > 0  # [5]+,/home/user/Documents/QUIC-FormalVerification/results/aioquic-server/191/quic_server_test_retry0.iev,0.0,0.0,,
246,aioquic,server,quic_server_test_version_negociation,,require ~_generating & ~queued_non_ack(scid) -> ack_credit(scid) > 0  # [5]+,/home/user/Documents/QUIC-FormalVerification/results/aioquic-server/381/quic_server_test_version_negociation0.iev,0.0,0.0,,
248,aioquic,server,quic_server_test_retry,,require ~_generating & ~queued_non_ack(scid) -> ack_credit(scid) > 0  # [5]+,/home/user/Documents/QUIC-FormalVerification/results/aioquic-server/148/quic_server_test_retry0.iev,0.0,0.0,,
249,aioquic,server,quic_server_test_retry,,require ~_generating & ~queued_non_ack(scid) -> ack_credit(scid) > 0  # [5]+,/home/user/Documents/QUIC-FormalVerification/results/aioquic-server/163/quic_server_test_retry0.iev,0.0,0.0,,
252,aioquic,server,quic_server_test_version_negociation,,Handshake not completed,/home/user/Documents/QUIC-FormalVerification/results/aioquic-server/370/quic_server_test_version_negociation0.iev,0.0,0.0,,
253,aioquic,server,quic_server_test_version_negociation,,require ~_generating & ~queued_non_ack(scid) -> ack_credit(scid) > 0  # [5]+,/home/user/Documents/QUIC-FormalVerification/results/aioquic-server/372/quic_server_test_version_negociation0.iev,0.0,0.0,,
255,aioquic,server,quic_server_test_version_negociation,,Handshake not completed,/home/user/Documents/QUIC-FormalVerification/results/aioquic-server/312/quic_server_test_version_negociation0.iev,0.0,0.0,,
258,aioquic,server,quic_server_test_retry,,require ~_generating & ~queued_non_ack(scid) -> ack_credit(scid) > 0  # [5]+,/home/user/Documents/QUIC-FormalVerification/results/aioquic-server/169/quic_server_test_retry0.iev,0.0,0.0,,
259,aioquic,server,quic_server_test_retry,,No Error,/home/user/Documents/QUIC-FormalVerification/results/aioquic-server/178/quic_server_test_retry0.iev,0.0,1.0,,
260,aioquic,server,quic_server_test_version_negociation,,require ~_generating & ~queued_non_ack(scid) -> ack_credit(scid) > 0  # [5]+,/home/user/Documents/QUIC-FormalVerification/results/aioquic-server/306/quic_server_test_version_negociation0.iev,0.0,0.0,,
262,aioquic,server,quic_server_test_version_negociation,,require ~_generating & ~queued_non_ack(scid) -> ack_credit(scid) > 0  # [5]+,/home/user/Documents/QUIC-FormalVerification/results/aioquic-server/330/quic_server_test_version_negociation0.iev,0.0,0.0,,
270,aioquic,server,quic_server_test_version_negociation,,Handshake not completed,/home/user/Documents/QUIC-FormalVerification/results/aioquic-server/358/quic_server_test_version_negociation0.iev,0.0,0.0,,
273,aioquic,server,quic_server_test_version_negociation,,Handshake not completed,/home/user/Documents/QUIC-FormalVerification/results/aioquic-server/386/quic_server_test_version_negociation0.iev,0.0,0.0,,
275,aioquic,server,quic_server_test_version_negociation,,No Error,/home/user/Documents/QUIC-FormalVerification/results/aioquic-server/360/quic_server_test_version_negociation0.iev,0.0,1.0,,
276,aioquic,server,quic_server_test_retry,,No Error,/home/user/Documents/QUIC-FormalVerification/results/aioquic-server/180/quic_server_test_retry0.iev,0.0,1.0,,
279,aioquic,server,quic_server_test_version_negociation,,require ~_generating & ~queued_non_ack(scid) -> ack_credit(scid) > 0  # [5]+,/home/user/Documents/QUIC-FormalVerification/results/aioquic-server/347/quic_server_test_version_negociation0.iev,0.0,0.0,,
280,aioquic,server,quic_server_test_version_negociation,,require ~_generating & ~queued_non_ack(scid) -> ack_credit(scid) > 0  # [5]+,/home/user/Documents/QUIC-FormalVerification/results/aioquic-server/364/quic_server_test_version_negociation0.iev,0.0,0.0,,
281,aioquic,server,quic_server_test_version_negociation,,require ~_generating & ~queued_non_ack(scid) -> ack_credit(scid) > 0  # [5]+,/home/user/Documents/QUIC-FormalVerification/results/aioquic-server/395/quic_server_test_version_negociation0.iev,0.0,0.0,,
282,aioquic,server,quic_server_test_retry,,No Error,/home/user/Documents/QUIC-FormalVerification/results/aioquic-server/124/quic_server_test_retry0.iev,0.0,1.0,,
287,aioquic,server,quic_server_test_retry,,No Error,/home/user/Documents/QUIC-FormalVerification/results/aioquic-server/127/quic_server_test_retry0.iev,0.0,1.0,,
289,aioquic,server,quic_server_test_version_negociation,,Handshake not completed,/home/user/Documents/QUIC-FormalVerification/results/aioquic-server/387/quic_server_test_version_negociation0.iev,0.0,0.0,,
290,aioquic,server,quic_server_test_version_negociation,,require ~_generating & ~queued_non_ack(scid) -> ack_credit(scid) > 0  # [5]+,/home/user/Documents/QUIC-FormalVerification/results/aioquic-server/377/quic_server_test_version_negociation0.iev,0.0,0.0,,
291,aioquic,server,quic_server_test_version_negociation,,Handshake not completed,/home/user/Documents/QUIC-FormalVerification/results/aioquic-server/313/quic_server_test_version_negociation0.iev,0.0,0.0,,
292,aioquic,server,quic_server_test_retry,,require ~_generating & ~queued_non_ack(scid) -> ack_credit(scid) > 0  # [5]+,/home/user/Documents/QUIC-FormalVerification/results/aioquic-server/186/quic_server_test_retry0.iev,0.0,0.0,,
293,aioquic,server,quic_server_test_retry,,require ~_generating & ~queued_non_ack(scid) -> ack_credit(scid) > 0  # [5]+,/home/user/Documents/QUIC-FormalVerification/results/aioquic-server/168/quic_server_test_retry0.iev,0.0,0.0,,
298,aioquic,server,quic_server_test_retry,,require ~_generating & ~queued_non_ack(scid) -> ack_credit(scid) > 0  # [5]+,/home/user/Documents/QUIC-FormalVerification/results/aioquic-server/149/quic_server_test_retry0.iev,0.0,0.0,,
300,aioquic,server,quic_server_test_retry,,require ~_generating & ~queued_non_ack(scid) -> ack_credit(scid) > 0  # [5]+,/home/user/Documents/QUIC-FormalVerification/results/aioquic-server/123/quic_server_test_retry0.iev,0.0,0.0,,
302,aioquic,server,quic_server_test_retry,,require ~_generating & ~queued_non_ack(scid) -> ack_credit(scid) > 0  # [5]+,/home/user/Documents/QUIC-FormalVerification/results/aioquic-server/136/quic_server_test_retry0.iev,0.0,0.0,,
306,aioquic,server,quic_server_test_retry,,No Error,/home/user/Documents/QUIC-FormalVerification/results/aioquic-server/197/quic_server_test_retry0.iev,0.0,1.0,,
307,aioquic,server,quic_server_test_retry,,require ~_generating & ~queued_non_ack(scid) -> ack_credit(scid) > 0  # [5]+,/home/user/Documents/QUIC-FormalVerification/results/aioquic-server/159/quic_server_test_retry0.iev,0.0,0.0,,
312,aioquic,server,quic_server_test_retry,,require ~_generating & ~queued_non_ack(scid) -> ack_credit(scid) > 0  # [5]+,/home/user/Documents/QUIC-FormalVerification/results/aioquic-server/161/quic_server_test_retry0.iev,0.0,0.0,,
320,aioquic,server,quic_server_test_retry,,require ~_generating & ~queued_non_ack(scid) -> ack_credit(scid) > 0  # [5]+,/home/user/Documents/QUIC-FormalVerification/results/aioquic-server/104/quic_server_test_retry0.iev,0.0,0.0,,
324,aioquic,server,quic_server_test_version_negociation,,Handshake not completed,/home/user/Documents/QUIC-FormalVerification/results/aioquic-server/376/quic_server_test_version_negociation0.iev,0.0,0.0,,
325,aioquic,server,quic_server_test_retry,,Handshake not completed,/home/user/Documents/QUIC-FormalVerification/results/aioquic-server/187/quic_server_test_retry0.iev,0.0,0.0,,
329,aioquic,server,quic_server_test_retry,,require ~_generating & ~queued_non_ack(scid) -> ack_credit(scid) > 0  # [5]+,/home/user/Documents/QUIC-FormalVerification/results/aioquic-server/179/quic_server_test_retry0.iev,0.0,0.0,,
335,aioquic,server,quic_server_test_version_negociation,,require ~_generating & ~queued_non_ack(scid) -> ack_credit(scid) > 0  # [5]+,/home/user/Documents/QUIC-FormalVerification/results/aioquic-server/335/quic_server_test_version_negociation0.iev,0.0,0.0,,
338,aioquic,server,quic_server_test_version_negociation,,Handshake not completed,/home/user/Documents/QUIC-FormalVerification/results/aioquic-server/351/quic_server_test_version_negociation0.iev,0.0,0.0,,
339,aioquic,server,quic_server_test_version_negociation,,Handshake not completed,/home/user/Documents/QUIC-FormalVerification/results/aioquic-server/318/quic_server_test_version_negociation0.iev,0.0,0.0,,
341,aioquic,server,quic_server_test_retry,,No Error,/home/user/Documents/QUIC-FormalVerification/results/aioquic-server/119/quic_server_test_retry0.iev,0.0,1.0,,
342,aioquic,server,quic_server_test_version_negociation,,Handshake not completed,/home/user/Documents/QUIC-FormalVerification/results/aioquic-server/354/quic_server_test_version_negociation0.iev,0.0,0.0,,
343,aioquic,server,quic_server_test_retry,,No Error,/home/user/Documents/QUIC-FormalVerification/results/aioquic-server/122/quic_server_test_retry0.iev,0.0,1.0,,
348,aioquic,server,quic_server_test_version_negociation,,require ~_generating & ~queued_non_ack(scid) -> ack_credit(scid) > 0  # [5]+,/home/user/Documents/QUIC-FormalVerification/results/aioquic-server/378/quic_server_test_version_negociation0.iev,0.0,0.0,,
349,aioquic,server,quic_server_test_version_negociation,,require ~_generating & ~queued_non_ack(scid) -> ack_credit(scid) > 0  # [5]+,/home/user/Documents/QUIC-FormalVerification/results/aioquic-server/346/quic_server_test_version_negociation0.iev,0.0,0.0,,
353,aioquic,server,quic_server_test_retry,,require ~_generating & ~queued_non_ack(scid) -> ack_credit(scid) > 0  # [5]+,/home/user/Documents/QUIC-FormalVerification/results/aioquic-server/111/quic_server_test_retry0.iev,0.0,0.0,,
354,aioquic,server,quic_server_test_version_negociation,,require ~_generating & ~queued_non_ack(scid) -> ack_credit(scid) > 0  # [5]+,/home/user/Documents/QUIC-FormalVerification/results/aioquic-server/321/quic_server_test_version_negociation0.iev,0.0,0.0,,
355,aioquic,server,quic_server_test_retry,,require ~_generating & ~queued_non_ack(scid) -> ack_credit(scid) > 0  # [5]+,/home/user/Documents/QUIC-FormalVerification/results/aioquic-server/133/quic_server_test_retry0.iev,0.0,0.0,,
356,aioquic,server,quic_server_test_retry,,require ~_generating & ~queued_non_ack(scid) -> ack_credit(scid) > 0  # [5]+,/home/user/Documents/QUIC-FormalVerification/results/aioquic-server/173/quic_server_test_retry0.iev,0.0,0.0,,
357,aioquic,server,quic_server_test_version_negociation,,require ~_generating & ~queued_non_ack(scid) -> ack_credit(scid) > 0  # [5]+,/home/user/Documents/QUIC-FormalVerification/results/aioquic-server/316/quic_server_test_version_negociation0.iev,0.0,0.0,,
358,aioquic,server,quic_server_test_version_negociation,,Handshake not completed,/home/user/Documents/QUIC-FormalVerification/results/aioquic-server/394/quic_server_test_version_negociation0.iev,0.0,0.0,,
359,aioquic,server,quic_server_test_version_negociation,,require ~_generating & ~queued_non_ack(scid) -> ack_credit(scid) > 0  # [5]+,/home/user/Documents/QUIC-FormalVerification/results/aioquic-server/366/quic_server_test_version_negociation0.iev,0.0,0.0,,
360,aioquic,server,quic_server_test_retry,,No Error,/home/user/Documents/QUIC-FormalVerification/results/aioquic-server/164/quic_server_test_retry0.iev,0.0,1.0,,
364,aioquic,server,quic_server_test_retry,,require ~_generating & ~queued_non_ack(scid) -> ack_credit(scid) > 0  # [5]+,/home/user/Documents/QUIC-FormalVerification/results/aioquic-server/128/quic_server_test_retry0.iev,0.0,0.0,,
369,aioquic,server,quic_server_test_version_negociation,,Handshake not completed,/home/user/Documents/QUIC-FormalVerification/results/aioquic-server/323/quic_server_test_version_negociation0.iev,0.0,0.0,,
371,aioquic,server,quic_server_test_version_negociation,,require ~_generating & ~queued_non_ack(scid) -> ack_credit(scid) > 0  # [5]+,/home/user/Documents/QUIC-FormalVerification/results/aioquic-server/342/quic_server_test_version_negociation0.iev,0.0,0.0,,
374,aioquic,server,quic_server_test_version_negociation,,require ~_generating & ~queued_non_ack(scid) -> ack_credit(scid) > 0  # [5]+,/home/user/Documents/QUIC-FormalVerification/results/aioquic-server/302/quic_server_test_version_negociation0.iev,0.0,0.0,,
378,aioquic,server,quic_server_test_version_negociation,,require ~_generating & ~queued_non_ack(scid) -> ack_credit(scid) > 0  # [5]+,/home/user/Documents/QUIC-FormalVerification/results/aioquic-server/344/quic_server_test_version_negociation0.iev,0.0,0.0,,
379,aioquic,server,quic_server_test_version_negociation,,require ~_generating & ~queued_non_ack(scid) -> ack_credit(scid) > 0  # [5]+,/home/user/Documents/QUIC-FormalVerification/results/aioquic-server/305/quic_server_test_version_negociation0.iev,0.0,0.0,,
380,aioquic,server,quic_server_test_version_negociation,,require ~_generating & ~queued_non_ack(scid) -> ack_credit(scid) > 0  # [5]+,/home/user/Documents/QUIC-FormalVerification/results/aioquic-server/309/quic_server_test_version_negociation0.iev,0.0,0.0,,
384,aioquic,server,quic_server_test_retry,,require ~_generating & ~queued_non_ack(scid) -> ack_credit(scid) > 0  # [5]+,/home/user/Documents/QUIC-FormalVerification/results/aioquic-server/195/quic_server_test_retry0.iev,0.0,0.0,,
385,aioquic,server,quic_server_test_retry,,No Error,/home/user/Documents/QUIC-FormalVerification/results/aioquic-server/147/quic_server_test_retry0.iev,0.0,1.0,,
388,aioquic,server,quic_server_test_retry,,No Error,/home/user/Documents/QUIC-FormalVerification/results/aioquic-server/109/quic_server_test_retry0.iev,0.0,1.0,,
389,aioquic,server,quic_server_test_retry,,require ~_generating & ~queued_non_ack(scid) -> ack_credit(scid) > 0  # [5]+,/home/user/Documents/QUIC-FormalVerification/results/aioquic-server/135/quic_server_test_retry0.iev,0.0,0.0,,
391,aioquic,server,quic_server_test_version_negociation,,require ~_generating & ~queued_non_ack(scid) -> ack_credit(scid) > 0  # [5]+,/home/user/Documents/QUIC-FormalVerification/results/aioquic-server/397/quic_server_test_version_negociation0.iev,0.0,0.0,,
392,aioquic,server,quic_server_test_retry,,require ~_generating & ~queued_non_ack(scid) -> ack_credit(scid) > 0  # [5]+,/home/user/Documents/QUIC-FormalVerification/results/aioquic-server/181/quic_server_test_retry0.iev,0.0,0.0,,
393,aioquic,server,quic_server_test_version_negociation,,require ~_generating & ~queued_non_ack(scid) -> ack_credit(scid) > 0  # [5]+,/home/user/Documents/QUIC-FormalVerification/results/aioquic-server/385/quic_server_test_version_negociation0.iev,0.0,0.0,,
395,aioquic,server,quic_server_test_retry,,No Error,/home/user/Documents/QUIC-FormalVerification/results/aioquic-server/107/quic_server_test_retry0.iev,0.0,1.0,,
397,aioquic,server,quic_server_test_retry,,Handshake not completed,/home/user/Documents/QUIC-FormalVerification/results/aioquic-server/196/quic_server_test_retry0.iev,0.0,0.0,,
398,aioquic,server,quic_server_test_retry,,require ~_generating & ~queued_non_ack(scid) -> ack_credit(scid) > 0  # [5]+,/home/user/Documents/QUIC-FormalVerification/results/aioquic-server/139/quic_server_test_retry0.iev,0.0,0.0,,
399,aioquic,server,quic_server_test_version_negociation,,require ~_generating & ~queued_non_ack(scid) -> ack_credit(scid) > 0  # [5]+,/home/user/Documents/QUIC-FormalVerification/results/aioquic-server/355/quic_server_test_version_negociation0.iev,0.0,0.0,,
