Run,Implementation,Mode,TestName,Status,ErrorIEV,OutputFile,NbPktSend,isPass
0,picoquic,server,,,,/results/temp/524/quic_server_test_version_negociation0.iev,0.0,1.0
1,picoquic,server,,,,/results/temp/527/quic_server_test_version_negociation0.iev,0.0,1.0
2,aioquic,server,,,,/results/temp/628/quic_server_test_version_negociation0.iev,0.0,1.0
3,aioquic,server,,,"ivy_return_code(1)+assumption_failed(""/usr/local/lib/python2.7/dist-packages/ivy/include/1.7/quic_packet.ivy: line 454"")",/results/temp/281/quic_server_test_retry0.iev,0.0,0.0
4,quiche,server,,,"ivy_return_code(1)+assumption_failed(""quic_server_test_version_negociation.ivy: line 332"")",/results/temp/665/quic_server_test_version_negociation0.iev,0.0,0.0
5,,server,,,,/results/temp/134/quic_server_test_retry0.iev,0.0,1.0
6,quant,server,,,,/results/temp/352/quic_server_test_version_negociation0.iev,0.0,1.0
7,aioquic,server,,,"ivy_return_code(1)+assumption_failed(""/usr/local/lib/python2.7/dist-packages/ivy/include/1.7/quic_packet.ivy: line 454"")",/results/temp/289/quic_server_test_retry0.iev,0.0,0.0
8,quic-go,server,,,"ivy_return_code(1)+assumption_failed(""quic_server_test_retry.ivy: line 703"")",/results/temp/242/quic_server_test_retry0.iev,0.0,0.0
9,quant,server,,,,/results/temp/350/quic_server_test_version_negociation0.iev,0.0,1.0
10,picoquic,server,,,,/results/temp/170/quic_server_test_retry0.iev,0.0,1.0
11,quant,server,,,,/results/temp/2/quic_server_test_retry0.iev,0.0,1.0
12,picoquic,server,,,,/results/temp/548/quic_server_test_version_negociation0.iev,0.0,1.0
13,quinn,server,,,,/results/temp/426/quic_server_test_version_negociation0.iev,0.0,1.0
14,quant,server,,,,/results/temp/3/quic_server_test_retry0.iev,0.0,1.0
15,quinn,server,,,,/results/temp/435/quic_server_test_version_negociation0.iev,0.0,1.0
16,,server,,,,/results/temp/453/quic_server_test_version_negociation0.iev,0.0,1.0
17,quinn,server,,,,/results/temp/56/quic_server_test_retry0.iev,0.0,1.0
18,quinn,server,,,,/results/temp/98/quic_server_test_retry0.iev,0.0,1.0
19,quiche,server,,,"ivy_return_code(1)+assumption_failed(""quic_server_test_retry.ivy: line 703"")",/results/temp/349/quic_server_test_retry0.iev,0.0,0.0
20,picoquic,server,,,,/results/temp/185/quic_server_test_retry0.iev,0.0,1.0
21,picoquic,server,,,,/results/temp/529/quic_server_test_version_negociation0.iev,0.0,1.0
22,quiche,server,,,"ivy_return_code(1)+assumption_failed(""quic_server_test_version_negociation.ivy: line 332"")",/results/temp/686/quic_server_test_version_negociation0.iev,0.0,0.0
23,quant,server,,,,/results/temp/379/quic_server_test_version_negociation0.iev,0.0,1.0
24,aioquic,server,,,"ivy_return_code(1)+assumption_failed(""/usr/local/lib/python2.7/dist-packages/ivy/include/1.7/quic_packet.ivy: line 454"")",/results/temp/604/quic_server_test_version_negociation0.iev,0.0,0.0
25,quic-go,server,,,,/results/temp/567/quic_server_test_version_negociation0.iev,0.0,1.0
26,quant,server,,,"timeout+> tls_recv_event({protocol:tcp,addr:0,port:0xefc5},{protocol:tcp,addr:0,port:0x8cc2},1246785492,1,handshake,0x540,0x56d)",/results/temp/27/quic_server_test_retry0.iev,0.0,0.0
27,quic-go,server,,,"ivy_return_code(1)+assumption_failed(""quic_server_test_retry.ivy: line 703"")",/results/temp/216/quic_server_test_retry0.iev,0.0,0.0
28,quinn,server,,,,/results/temp/404/quic_server_test_version_negociation0.iev,0.0,1.0
29,quiche,server,,,"ivy_return_code(1)+assumption_failed(""quic_server_test_retry.ivy: line 703"")",/results/temp/322/quic_server_test_retry0.iev,0.0,0.0
30,quiche,server,,,"ivy_return_code(1)+assumption_failed(""quic_server_test_retry.ivy: line 703"")",/results/temp/325/quic_server_test_retry0.iev,0.0,0.0
31,quiche,server,,,"ivy_return_code(1)+assumption_failed(""quic_server_test_retry.ivy: line 703"")",/results/temp/345/quic_server_test_retry0.iev,0.0,0.0
32,quic-go,server,,,,/results/temp/570/quic_server_test_version_negociation0.iev,0.0,1.0
33,quic-go,server,,,,/results/temp/555/quic_server_test_version_negociation0.iev,0.0,1.0
34,picoquic,server,,,,/results/temp/517/quic_server_test_version_negociation0.iev,0.0,1.0
35,quant,server,,,,/results/temp/18/quic_server_test_retry0.iev,0.0,1.0
36,quinn,server,,,"ivy_return_code(1)+assumption_failed(""/usr/local/lib/python2.7/dist-packages/ivy/include/1.7/quic_packet.ivy: line 454"")",/results/temp/446/quic_server_test_version_negociation0.iev,0.0,0.0
37,aioquic,server,,,"ivy_return_code(1)+assumption_failed(""/usr/local/lib/python2.7/dist-packages/ivy/include/1.7/quic_packet.ivy: line 454"")",/results/temp/610/quic_server_test_version_negociation0.iev,0.0,0.0
38,quic-go,server,,,,/results/temp/575/quic_server_test_version_negociation0.iev,0.0,1.0
39,,server,,,,/results/temp/473/quic_server_test_version_negociation0.iev,0.0,1.0
40,aioquic,server,,,,/results/temp/614/quic_server_test_version_negociation0.iev,0.0,1.0
41,aioquic,server,,,,/results/temp/285/quic_server_test_retry0.iev,0.0,1.0
42,picoquic,server,,,,/results/temp/192/quic_server_test_retry0.iev,0.0,1.0
43,,server,,,,/results/temp/106/quic_server_test_retry0.iev,0.0,1.0
44,quinn,server,,,,/results/temp/61/quic_server_test_retry0.iev,0.0,1.0
45,quinn,server,,,,/results/temp/75/quic_server_test_retry0.iev,0.0,1.0
46,,server,,,,/results/temp/103/quic_server_test_retry0.iev,0.0,1.0
47,,server,,,,/results/temp/454/quic_server_test_version_negociation0.iev,0.0,1.0
48,picoquic,server,,,,/results/temp/167/quic_server_test_retry0.iev,0.0,1.0
49,quic-go,server,,,,/results/temp/572/quic_server_test_version_negociation0.iev,0.0,1.0
50,,server,,,,/results/temp/129/quic_server_test_retry0.iev,0.0,1.0
51,quinn,server,,,,/results/temp/52/quic_server_test_retry0.iev,0.0,1.0
52,picoquic,server,,,,/results/temp/158/quic_server_test_retry0.iev,0.0,1.0
53,aioquic,server,,,"ivy_return_code(1)+assumption_failed(""/usr/local/lib/python2.7/dist-packages/ivy/include/1.7/quic_packet.ivy: line 454"")",/results/temp/623/quic_server_test_version_negociation0.iev,0.0,0.0
54,quic-go,server,,,"ivy_return_code(1)+assumption_failed(""quic_server_test_retry.ivy: line 703"")",/results/temp/225/quic_server_test_retry0.iev,0.0,0.0
55,,server,,,,/results/temp/140/quic_server_test_retry0.iev,0.0,1.0
56,quiche,server,,,"ivy_return_code(1)+assumption_failed(""quic_server_test_retry.ivy: line 703"")",/results/temp/301/quic_server_test_retry0.iev,0.0,0.0
57,quic-go,server,,,"ivy_return_code(1)+assumption_failed(""quic_server_test_retry.ivy: line 703"")",/results/temp/228/quic_server_test_retry0.iev,0.0,0.0
58,aioquic,server,,,"ivy_return_code(1)+assumption_failed(""/usr/local/lib/python2.7/dist-packages/ivy/include/1.7/quic_packet.ivy: line 454"")",/results/temp/627/quic_server_test_version_negociation0.iev,0.0,0.0
59,quic-go,server,,,,/results/temp/589/quic_server_test_version_negociation0.iev,0.0,1.0
60,quant,server,,,,/results/temp/8/quic_server_test_retry0.iev,0.0,1.0
61,quiche,server,,,"ivy_return_code(1)+assumption_failed(""quic_server_test_version_negociation.ivy: line 332"")",/results/temp/694/quic_server_test_version_negociation0.iev,0.0,0.0
62,quant,server,,,,/results/temp/45/quic_server_test_retry0.iev,0.0,1.0
63,quiche,server,,,"ivy_return_code(1)+assumption_failed(""quic_server_test_version_negociation.ivy: line 332"")",/results/temp/657/quic_server_test_version_negociation0.iev,0.0,0.0
64,quic-go,server,,,"timeout+> tls_recv_event({protocol:udp,addr:0,port:0x961e},{protocol:udp,addr:0,port:0x1062},9037036971303865781,1,initial,0x12,0x7b)",/results/temp/202/quic_server_test_retry0.iev,0.0,0.0
65,picoquic,server,,,,/results/temp/151/quic_server_test_retry0.iev,0.0,1.0
66,quinn,server,,,,/results/temp/71/quic_server_test_retry0.iev,0.0,1.0
67,,server,,,,/results/temp/138/quic_server_test_retry0.iev,0.0,1.0
68,picoquic,server,,,,/results/temp/533/quic_server_test_version_negociation0.iev,0.0,1.0
69,quic-go,server,,,,/results/temp/558/quic_server_test_version_negociation0.iev,0.0,1.0
70,quiche,server,,,"ivy_return_code(1)+assumption_failed(""quic_server_test_version_negociation.ivy: line 332"")",/results/temp/690/quic_server_test_version_negociation0.iev,0.0,0.0
71,,server,,,,/results/temp/116/quic_server_test_retry0.iev,0.0,1.0
72,quiche,server,,,"ivy_return_code(1)+assumption_failed(""quic_server_test_version_negociation.ivy: line 332"")",/results/temp/673/quic_server_test_version_negociation0.iev,0.0,0.0
73,quinn,server,,,,/results/temp/63/quic_server_test_retry0.iev,0.0,1.0
74,picoquic,server,,,,/results/temp/526/quic_server_test_version_negociation0.iev,0.0,1.0
75,,server,,,,/results/temp/100/quic_server_test_retry0.iev,0.0,1.0
76,quant,server,,,,/results/temp/32/quic_server_test_retry0.iev,0.0,1.0
77,quinn,server,,,,/results/temp/78/quic_server_test_retry0.iev,0.0,1.0
78,quinn,server,,,,/results/temp/420/quic_server_test_version_negociation0.iev,0.0,1.0
79,quiche,server,,,"ivy_return_code(1)+assumption_failed(""quic_server_test_retry.ivy: line 703"")",/results/temp/304/quic_server_test_retry0.iev,0.0,0.0
80,quinn,server,,,"ivy_return_code(1)+assumption_failed(""/usr/local/lib/python2.7/dist-packages/ivy/include/1.7/quic_packet.ivy: line 454"")",/results/temp/428/quic_server_test_version_negociation0.iev,0.0,0.0
81,aioquic,server,,,,/results/temp/639/quic_server_test_version_negociation0.iev,0.0,1.0
82,picoquic,server,,,,/results/temp/194/quic_server_test_retry0.iev,0.0,1.0
83,quinn,server,,,,/results/temp/432/quic_server_test_version_negociation0.iev,0.0,1.0
84,aioquic,server,,,,/results/temp/616/quic_server_test_version_negociation0.iev,0.0,1.0
85,quant,server,,,,/results/temp/375/quic_server_test_version_negociation0.iev,0.0,1.0
86,picoquic,server,,,,/results/temp/184/quic_server_test_retry0.iev,0.0,1.0
87,quic-go,server,,,"ivy_return_code(1)+assumption_failed(""quic_server_test_retry.ivy: line 703"")",/results/temp/237/quic_server_test_retry0.iev,0.0,0.0
88,quant,server,,,,/results/temp/7/quic_server_test_retry0.iev,0.0,1.0
89,,server,,,,/results/temp/460/quic_server_test_version_negociation0.iev,0.0,1.0
90,aioquic,server,,,,/results/temp/263/quic_server_test_retry0.iev,0.0,1.0
91,quant,server,,,,/results/temp/384/quic_server_test_version_negociation0.iev,0.0,1.0
92,aioquic,server,,,"ivy_return_code(1)+assumption_failed(""/usr/local/lib/python2.7/dist-packages/ivy/include/1.7/quic_packet.ivy: line 454"")",/results/temp/624/quic_server_test_version_negociation0.iev,0.0,0.0
93,,server,,,,/results/temp/485/quic_server_test_version_negociation0.iev,0.0,1.0
94,quant,server,,,,/results/temp/5/quic_server_test_retry0.iev,0.0,1.0
95,quiche,server,,,"ivy_return_code(1)+assumption_failed(""quic_server_test_version_negociation.ivy: line 332"")",/results/temp/677/quic_server_test_version_negociation0.iev,0.0,0.0
96,,server,,,,/results/temp/142/quic_server_test_retry0.iev,0.0,1.0
97,,server,,,,/results/temp/131/quic_server_test_retry0.iev,0.0,1.0
98,quic-go,server,,,,/results/temp/573/quic_server_test_version_negociation0.iev,0.0,1.0
99,quant,server,,,"ivy_return_code(1)+assertion_failed(""/usr/local/lib/python2.7/dist-packages/ivy/include/1.7/quic_packet_retry.ivy: line 225"")",/results/temp/399/quic_server_test_version_negociation0.iev,0.0,0.0
100,,server,,,,/results/temp/137/quic_server_test_retry0.iev,0.0,1.0
101,quinn,server,,,,/results/temp/434/quic_server_test_version_negociation0.iev,0.0,1.0
102,quic-go,server,,,"timeout+> tls_recv_event({protocol:tcp,addr:0,port:0x5619},{protocol:udp,addr:0,port:0x42bc},5417332165131263017,1,handshake,0x3c0,0x58c)",/results/temp/227/quic_server_test_retry0.iev,0.0,0.0
103,quinn,server,,,,/results/temp/54/quic_server_test_retry0.iev,0.0,1.0
104,quinn,server,,,"ivy_return_code(1)+assumption_failed(""/usr/local/lib/python2.7/dist-packages/ivy/include/1.7/quic_packet.ivy: line 454"")",/results/temp/423/quic_server_test_version_negociation0.iev,0.0,0.0
105,quiche,server,,,"ivy_return_code(1)+assumption_failed(""quic_server_test_retry.ivy: line 703"")",/results/temp/343/quic_server_test_retry0.iev,0.0,0.0
106,picoquic,server,,,,/results/temp/177/quic_server_test_retry0.iev,0.0,1.0
107,quinn,server,,,,/results/temp/99/quic_server_test_retry0.iev,0.0,1.0
108,aioquic,server,,,"ivy_return_code(1)+assumption_failed(""/usr/local/lib/python2.7/dist-packages/ivy/include/1.7/quic_packet.ivy: line 454"")",/results/temp/646/quic_server_test_version_negociation0.iev,0.0,0.0
109,,server,,,,/results/temp/146/quic_server_test_retry0.iev,0.0,1.0
110,,server,,,,/results/temp/113/quic_server_test_retry0.iev,0.0,1.0
111,,server,,,,/results/temp/476/quic_server_test_version_negociation0.iev,0.0,1.0
112,quic-go,server,,,,/results/temp/583/quic_server_test_version_negociation0.iev,0.0,1.0
113,picoquic,server,,,,/results/temp/150/quic_server_test_retry0.iev,0.0,1.0
114,quant,server,,,,/results/temp/44/quic_server_test_retry0.iev,0.0,1.0
115,quic-go,server,,,,/results/temp/552/quic_server_test_version_negociation0.iev,0.0,1.0
116,picoquic,server,,,,/results/temp/549/quic_server_test_version_negociation0.iev,0.0,1.0
117,,server,,,,/results/temp/469/quic_server_test_version_negociation0.iev,0.0,1.0
118,picoquic,server,,,,/results/temp/508/quic_server_test_version_negociation0.iev,0.0,1.0
119,,server,,,,/results/temp/465/quic_server_test_version_negociation0.iev,0.0,1.0
120,quinn,server,,,"ivy_return_code(1)+assumption_failed(""/usr/local/lib/python2.7/dist-packages/ivy/include/1.7/quic_packet.ivy: line 454"")",/results/temp/86/quic_server_test_retry0.iev,0.0,0.0
121,quant,server,,,,/results/temp/368/quic_server_test_version_negociation0.iev,0.0,1.0
122,picoquic,server,,,,/results/temp/157/quic_server_test_retry0.iev,0.0,1.0
123,quiche,server,,,"ivy_return_code(1)+assumption_failed(""quic_server_test_retry.ivy: line 703"")",/results/temp/341/quic_server_test_retry0.iev,0.0,0.0
124,,server,,,,/results/temp/114/quic_server_test_retry0.iev,0.0,1.0
125,quant,server,,,,/results/temp/396/quic_server_test_version_negociation0.iev,0.0,1.0
126,quant,server,,,,/results/temp/25/quic_server_test_retry0.iev,0.0,1.0
127,picoquic,server,,,,/results/temp/189/quic_server_test_retry0.iev,0.0,1.0
128,quiche,server,,,"ivy_return_code(1)+assumption_failed(""quic_server_test_retry.ivy: line 703"")",/results/temp/331/quic_server_test_retry0.iev,0.0,0.0
129,picoquic,server,,,,/results/temp/183/quic_server_test_retry0.iev,0.0,1.0
130,quinn,server,,,"ivy_return_code(1)+assumption_failed(""/usr/local/lib/python2.7/dist-packages/ivy/include/1.7/quic_packet.ivy: line 454"")",/results/temp/92/quic_server_test_retry0.iev,0.0,0.0
131,picoquic,server,,,,/results/temp/193/quic_server_test_retry0.iev,0.0,1.0
132,aioquic,server,,,,/results/temp/633/quic_server_test_version_negociation0.iev,0.0,1.0
133,quant,server,,,,/results/temp/0/quic_server_test_retry0.iev,0.0,1.0
134,,server,,,,/results/temp/117/quic_server_test_retry0.iev,0.0,1.0
135,,server,,,,/results/temp/110/quic_server_test_retry0.iev,0.0,1.0
136,quinn,server,,,,/results/temp/77/quic_server_test_retry0.iev,0.0,1.0
137,quic-go,server,,,,/results/temp/597/quic_server_test_version_negociation0.iev,0.0,1.0
138,quant,server,,,,/results/temp/382/quic_server_test_version_negociation0.iev,0.0,1.0
139,picoquic,server,,,,/results/temp/156/quic_server_test_retry0.iev,0.0,1.0
140,quic-go,server,,,,/results/temp/553/quic_server_test_version_negociation0.iev,0.0,1.0
141,quant,server,,,"ivy_return_code(1)+assertion_failed(""/usr/local/lib/python2.7/dist-packages/ivy/include/1.7/quic_packet_retry.ivy: line 225"")",/results/temp/357/quic_server_test_version_negociation0.iev,0.0,0.0
142,picoquic,server,,,,/results/temp/509/quic_server_test_version_negociation0.iev,0.0,1.0
143,,server,,,,/results/temp/464/quic_server_test_version_negociation0.iev,0.0,1.0
144,quic-go,server,,,,/results/temp/590/quic_server_test_version_negociation0.iev,0.0,1.0
145,quiche,server,,,"ivy_return_code(1)+assumption_failed(""quic_server_test_version_negociation.ivy: line 332"")",/results/temp/698/quic_server_test_version_negociation0.iev,0.0,0.0
146,quant,server,,,,/results/temp/10/quic_server_test_retry0.iev,0.0,1.0
147,picoquic,server,,,,/results/temp/155/quic_server_test_retry0.iev,0.0,1.0
148,picoquic,server,,,,/results/temp/166/quic_server_test_retry0.iev,0.0,1.0
149,,server,,,,/results/temp/141/quic_server_test_retry0.iev,0.0,1.0
150,quant,server,,,,/results/temp/47/quic_server_test_retry0.iev,0.0,1.0
151,quinn,server,,,,/results/temp/72/quic_server_test_retry0.iev,0.0,1.0
152,quic-go,server,,,"ivy_return_code(1)+assumption_failed(""quic_server_test_retry.ivy: line 703"")",/results/temp/221/quic_server_test_retry0.iev,0.0,0.0
153,picoquic,server,,,,/results/temp/546/quic_server_test_version_negociation0.iev,0.0,1.0
154,aioquic,server,,,"ivy_return_code(1)+assumption_failed(""/usr/local/lib/python2.7/dist-packages/ivy/include/1.7/quic_packet.ivy: line 454"")",/results/temp/645/quic_server_test_version_negociation0.iev,0.0,0.0
155,quinn,server,,,,/results/temp/424/quic_server_test_version_negociation0.iev,0.0,1.0
156,quinn,server,,,"ivy_return_code(1)+assumption_failed(""/usr/local/lib/python2.7/dist-packages/ivy/include/1.7/quic_packet.ivy: line 454"")",/results/temp/438/quic_server_test_version_negociation0.iev,0.0,0.0
157,quant,server,,,,/results/temp/48/quic_server_test_retry0.iev,0.0,1.0
158,quinn,server,,,,/results/temp/64/quic_server_test_retry0.iev,0.0,1.0
159,quinn,server,,,"ivy_return_code(1)+assumption_failed(""/usr/local/lib/python2.7/dist-packages/ivy/include/1.7/quic_packet.ivy: line 454"")",/results/temp/449/quic_server_test_version_negociation0.iev,0.0,0.0
160,aioquic,server,,,"ivy_return_code(1)+assumption_failed(""/usr/local/lib/python2.7/dist-packages/ivy/include/1.7/quic_packet.ivy: line 454"")",/results/temp/644/quic_server_test_version_negociation0.iev,0.0,0.0
161,aioquic,server,,,"ivy_return_code(1)+assumption_failed(""/usr/local/lib/python2.7/dist-packages/ivy/include/1.7/quic_packet.ivy: line 454"")",/results/temp/268/quic_server_test_retry0.iev,0.0,0.0
162,quiche,server,,,"ivy_return_code(1)+assumption_failed(""quic_server_test_retry.ivy: line 703"")",/results/temp/326/quic_server_test_retry0.iev,0.0,0.0
163,quinn,server,,,,/results/temp/97/quic_server_test_retry0.iev,0.0,1.0
164,quiche,server,,,"ivy_return_code(1)+assumption_failed(""quic_server_test_retry.ivy: line 703"")",/results/temp/317/quic_server_test_retry0.iev,0.0,0.0
165,quic-go,server,,,"ivy_return_code(1)+assumption_failed(""quic_server_test_retry.ivy: line 703"")",/results/temp/239/quic_server_test_retry0.iev,0.0,0.0
166,picoquic,server,,,,/results/temp/503/quic_server_test_version_negociation0.iev,0.0,1.0
167,aioquic,server,,,,/results/temp/280/quic_server_test_retry0.iev,0.0,1.0
168,picoquic,server,,,,/results/temp/199/quic_server_test_retry0.iev,0.0,1.0
169,aioquic,server,,,"ivy_return_code(1)+assumption_failed(""/usr/local/lib/python2.7/dist-packages/ivy/include/1.7/quic_packet.ivy: line 454"")",/results/temp/648/quic_server_test_version_negociation0.iev,0.0,0.0
170,quiche,server,,,"ivy_return_code(1)+assumption_failed(""/usr/local/lib/python2.7/dist-packages/ivy/include/1.7/quic_packet.ivy: line 454"")",/results/temp/683/quic_server_test_version_negociation0.iev,0.0,0.0
171,quinn,server,,,"ivy_return_code(1)+assumption_failed(""/usr/local/lib/python2.7/dist-packages/ivy/include/1.7/quic_packet.ivy: line 454"")",/results/temp/408/quic_server_test_version_negociation0.iev,0.0,0.0
172,quinn,server,,,,/results/temp/418/quic_server_test_version_negociation0.iev,0.0,1.0
173,,server,,,,/results/temp/475/quic_server_test_version_negociation0.iev,0.0,1.0
174,quinn,server,,,"ivy_return_code(1)+assumption_failed(""/usr/local/lib/python2.7/dist-packages/ivy/include/1.7/quic_packet.ivy: line 454"")",/results/temp/441/quic_server_test_version_negociation0.iev,0.0,0.0
175,quant,server,,,,/results/temp/43/quic_server_test_retry0.iev,0.0,1.0
176,quinn,server,,,"ivy_return_code(1)+assumption_failed(""/usr/local/lib/python2.7/dist-packages/ivy/include/1.7/quic_packet.ivy: line 454"")",/results/temp/402/quic_server_test_version_negociation0.iev,0.0,0.0
177,quinn,server,,,,/results/temp/65/quic_server_test_retry0.iev,0.0,1.0
178,,server,,,,/results/temp/143/quic_server_test_retry0.iev,0.0,1.0
179,aioquic,server,,,,/results/temp/258/quic_server_test_retry0.iev,0.0,1.0
180,picoquic,server,,,,/results/temp/152/quic_server_test_retry0.iev,0.0,1.0
181,picoquic,server,,,,/results/temp/190/quic_server_test_retry0.iev,0.0,1.0
182,,server,,,,/results/temp/130/quic_server_test_retry0.iev,0.0,1.0
183,quic-go,server,,,"ivy_return_code(1)+assumption_failed(""quic_server_test_retry.ivy: line 703"")",/results/temp/244/quic_server_test_retry0.iev,0.0,0.0
184,quiche,server,,,"ivy_return_code(1)+assumption_failed(""quic_server_test_version_negociation.ivy: line 332"")",/results/temp/681/quic_server_test_version_negociation0.iev,0.0,0.0
185,quant,server,,,,/results/temp/40/quic_server_test_retry0.iev,0.0,1.0
186,,server,,,,/results/temp/115/quic_server_test_retry0.iev,0.0,1.0
187,aioquic,server,,,"ivy_return_code(1)+assumption_failed(""/usr/local/lib/python2.7/dist-packages/ivy/include/1.7/quic_packet.ivy: line 454"")",/results/temp/617/quic_server_test_version_negociation0.iev,0.0,0.0
188,quinn,server,,,,/results/temp/85/quic_server_test_retry0.iev,0.0,1.0
189,quinn,server,,,,/results/temp/59/quic_server_test_retry0.iev,0.0,1.0
190,quant,server,,,,/results/temp/393/quic_server_test_version_negociation0.iev,0.0,1.0
191,aioquic,server,,,,/results/temp/635/quic_server_test_version_negociation0.iev,0.0,1.0
192,quic-go,server,,,"timeout+> tls_recv_event({protocol:udp,addr:0,port:0xa0b5},{protocol:tcp,addr:0,port:0x231e},16966841712373024561,1,initial,0x6,0x7b)",/results/temp/207/quic_server_test_retry0.iev,0.0,0.0
193,quic-go,server,,,,/results/temp/571/quic_server_test_version_negociation0.iev,0.0,1.0
194,quinn,server,,,,/results/temp/93/quic_server_test_retry0.iev,0.0,1.0
195,quiche,server,,,"ivy_return_code(1)+assumption_failed(""quic_server_test_version_negociation.ivy: line 332"")",/results/temp/692/quic_server_test_version_negociation0.iev,0.0,0.0
196,,server,,,,/results/temp/466/quic_server_test_version_negociation0.iev,0.0,1.0
197,quinn,server,,,,/results/temp/436/quic_server_test_version_negociation0.iev,0.0,1.0
198,quiche,server,,,"ivy_return_code(1)+assumption_failed(""quic_server_test_retry.ivy: line 703"")",/results/temp/336/quic_server_test_retry0.iev,0.0,0.0
199,quic-go,server,,,"ivy_return_code(1)+assumption_failed(""quic_server_test_retry.ivy: line 703"")",/results/temp/223/quic_server_test_retry0.iev,0.0,0.0
200,quant,server,,,,/results/temp/30/quic_server_test_retry0.iev,0.0,1.0
201,aioquic,server,,,"ivy_return_code(1)+assumption_failed(""/usr/local/lib/python2.7/dist-packages/ivy/include/1.7/quic_packet.ivy: line 454"")",/results/temp/632/quic_server_test_version_negociation0.iev,0.0,0.0
202,quiche,server,,,"ivy_return_code(1)+assumption_failed(""quic_server_test_retry.ivy: line 703"")",/results/temp/324/quic_server_test_retry0.iev,0.0,0.0
203,quant,server,,,"ivy_return_code(1)+assertion_failed(""/usr/local/lib/python2.7/dist-packages/ivy/include/1.7/quic_packet_retry.ivy: line 225"")",/results/temp/365/quic_server_test_version_negociation0.iev,0.0,0.0
204,picoquic,server,,,"ivy_return_code(1)+assertion_failed(""/usr/local/lib/python2.7/dist-packages/ivy/include/1.7/quic_packet_retry.ivy: line 225"")",/results/temp/507/quic_server_test_version_negociation0.iev,0.0,0.0
205,quinn,server,,,,/results/temp/409/quic_server_test_version_negociation0.iev,0.0,1.0
206,quiche,server,,,"ivy_return_code(1)+assumption_failed(""quic_server_test_retry.ivy: line 703"")",/results/temp/340/quic_server_test_retry0.iev,0.0,0.0
207,quic-go,server,,,"ivy_return_code(1)+assumption_failed(""quic_server_test_retry.ivy: line 703"")",/results/temp/208/quic_server_test_retry0.iev,0.0,0.0
208,picoquic,server,,,,/results/temp/153/quic_server_test_retry0.iev,0.0,1.0
209,,server,,,,/results/temp/144/quic_server_test_retry0.iev,0.0,1.0
210,aioquic,server,,,,/results/temp/257/quic_server_test_retry0.iev,0.0,1.0
211,aioquic,server,,,,/results/temp/600/quic_server_test_version_negociation0.iev,0.0,1.0
212,picoquic,server,,,,/results/temp/519/quic_server_test_version_negociation0.iev,0.0,1.0
213,quant,server,,,,/results/temp/353/quic_server_test_version_negociation0.iev,0.0,1.0
214,picoquic,server,,,,/results/temp/541/quic_server_test_version_negociation0.iev,0.0,1.0
215,aioquic,server,,,,/results/temp/649/quic_server_test_version_negociation0.iev,0.0,1.0
216,quiche,server,,,"ivy_return_code(1)+assumption_failed(""quic_server_test_retry.ivy: line 703"")",/results/temp/329/quic_server_test_retry0.iev,0.0,0.0
217,quic-go,server,,,,/results/temp/550/quic_server_test_version_negociation0.iev,0.0,1.0
218,quinn,server,,,,/results/temp/90/quic_server_test_retry0.iev,0.0,1.0
219,quant,server,,,,/results/temp/398/quic_server_test_version_negociation0.iev,0.0,1.0
220,quant,server,,,,/results/temp/13/quic_server_test_retry0.iev,0.0,1.0
221,quinn,server,,,,/results/temp/440/quic_server_test_version_negociation0.iev,0.0,1.0
222,,server,,,,/results/temp/452/quic_server_test_version_negociation0.iev,0.0,1.0
223,quic-go,server,,,"ivy_return_code(1)+assumption_failed(""quic_server_test_retry.ivy: line 703"")",/results/temp/231/quic_server_test_retry0.iev,0.0,0.0
224,picoquic,server,,,,/results/temp/171/quic_server_test_retry0.iev,0.0,1.0
225,picoquic,server,,,,/results/temp/520/quic_server_test_version_negociation0.iev,0.0,1.0
226,quiche,server,,,"ivy_return_code(1)+assumption_failed(""quic_server_test_version_negociation.ivy: line 332"")",/results/temp/696/quic_server_test_version_negociation0.iev,0.0,0.0
227,quiche,server,,,"ivy_return_code(1)+assumption_failed(""quic_server_test_version_negociation.ivy: line 332"")",/results/temp/666/quic_server_test_version_negociation0.iev,0.0,0.0
228,aioquic,server,,,"ivy_return_code(1)+assumption_failed(""/usr/local/lib/python2.7/dist-packages/ivy/include/1.7/quic_packet.ivy: line 454"")",/results/temp/629/quic_server_test_version_negociation0.iev,0.0,0.0
229,picoquic,server,,,,/results/temp/530/quic_server_test_version_negociation0.iev,0.0,1.0
230,picoquic,server,,,,/results/temp/518/quic_server_test_version_negociation0.iev,0.0,1.0
231,quiche,server,,,"ivy_return_code(1)+assumption_failed(""quic_server_test_retry.ivy: line 703"")",/results/temp/337/quic_server_test_retry0.iev,0.0,0.0
232,quinn,server,,,,/results/temp/401/quic_server_test_version_negociation0.iev,0.0,1.0
233,quant,server,,,,/results/temp/19/quic_server_test_retry0.iev,0.0,1.0
234,quiche,server,,,"ivy_return_code(1)+assumption_failed(""quic_server_test_retry.ivy: line 703"")",/results/temp/333/quic_server_test_retry0.iev,0.0,0.0
235,quiche,server,,,"ivy_return_code(1)+assumption_failed(""quic_server_test_version_negociation.ivy: line 332"")",/results/temp/678/quic_server_test_version_negociation0.iev,0.0,0.0
236,,server,,,,/results/temp/482/quic_server_test_version_negociation0.iev,0.0,1.0
237,quant,server,,,,/results/temp/392/quic_server_test_version_negociation0.iev,0.0,1.0
238,picoquic,server,,,,/results/temp/543/quic_server_test_version_negociation0.iev,0.0,1.0
239,aioquic,server,,,,/results/temp/273/quic_server_test_retry0.iev,0.0,1.0
240,quant,server,,,,/results/temp/46/quic_server_test_retry0.iev,0.0,1.0
241,quiche,server,,,"ivy_return_code(1)+assumption_failed(""quic_server_test_version_negociation.ivy: line 332"")",/results/temp/669/quic_server_test_version_negociation0.iev,0.0,0.0
242,quant,server,,,,/results/temp/1/quic_server_test_retry0.iev,0.0,1.0
243,quant,server,,,,/results/temp/388/quic_server_test_version_negociation0.iev,0.0,1.0
244,aioquic,server,,,,/results/temp/265/quic_server_test_retry0.iev,0.0,1.0
245,,server,,,,/results/temp/494/quic_server_test_version_negociation0.iev,0.0,1.0
246,picoquic,server,,,,/results/temp/535/quic_server_test_version_negociation0.iev,0.0,1.0
247,quinn,server,,,,/results/temp/88/quic_server_test_retry0.iev,0.0,1.0
248,picoquic,server,,,,/results/temp/174/quic_server_test_retry0.iev,0.0,1.0
249,quic-go,server,,,"ivy_return_code(1)+assumption_failed(""quic_server_test_retry.ivy: line 703"")",/results/temp/212/quic_server_test_retry0.iev,0.0,0.0
250,,server,,,,/results/temp/126/quic_server_test_retry0.iev,0.0,1.0
251,quant,server,,,,/results/temp/369/quic_server_test_version_negociation0.iev,0.0,1.0
252,quic-go,server,,,,/results/temp/559/quic_server_test_version_negociation0.iev,0.0,1.0
253,quant,server,,,"ivy_return_code(1)+assertion_failed(""/usr/local/lib/python2.7/dist-packages/ivy/include/1.7/quic_packet_retry.ivy: line 225"")",/results/temp/363/quic_server_test_version_negociation0.iev,0.0,0.0
254,quic-go,server,,,"ivy_return_code(1)+assumption_failed(""quic_server_test_retry.ivy: line 703"")",/results/temp/230/quic_server_test_retry0.iev,0.0,0.0
255,aioquic,server,,,"ivy_return_code(1)+assumption_failed(""/usr/local/lib/python2.7/dist-packages/ivy/include/1.7/quic_packet.ivy: line 454"")",/results/temp/290/quic_server_test_retry0.iev,0.0,0.0
256,,server,,,,/results/temp/101/quic_server_test_retry0.iev,0.0,1.0
257,quinn,server,,,"ivy_return_code(1)+assumption_failed(""/usr/local/lib/python2.7/dist-packages/ivy/include/1.7/quic_packet.ivy: line 454"")",/results/temp/425/quic_server_test_version_negociation0.iev,0.0,0.0
258,quiche,server,,,"timeout+< show_set_initial_keys([0,0,0,0,0,0,0,0x2])",/results/temp/300/quic_server_test_retry0.iev,0.0,0.0
259,aioquic,server,,,,/results/temp/625/quic_server_test_version_negociation0.iev,0.0,1.0
260,quiche,server,,,"ivy_return_code(1)+assumption_failed(""quic_server_test_retry.ivy: line 703"")",/results/temp/310/quic_server_test_retry0.iev,0.0,0.0
261,quic-go,server,,,,/results/temp/554/quic_server_test_version_negociation0.iev,0.0,1.0
262,picoquic,server,,,,/results/temp/154/quic_server_test_retry0.iev,0.0,1.0
263,quic-go,server,,,"timeout+> tls_recv_event({protocol:udp,addr:0,port:0xe7ee},{protocol:tcp,addr:0,port:0xa9e7},17586427620518876817,1,handshake,0x3b3,0x57f)",/results/temp/218/quic_server_test_retry0.iev,0.0,0.0
264,quic-go,server,,,,/results/temp/588/quic_server_test_version_negociation0.iev,0.0,1.0
265,quiche,server,,,"ivy_return_code(1)+assumption_failed(""quic_server_test_retry.ivy: line 703"")",/results/temp/338/quic_server_test_retry0.iev,0.0,0.0
266,quinn,server,,,,/results/temp/67/quic_server_test_retry0.iev,0.0,1.0
267,quinn,server,,,,/results/temp/422/quic_server_test_version_negociation0.iev,0.0,1.0
268,quiche,server,,,"ivy_return_code(1)+assumption_failed(""quic_server_test_version_negociation.ivy: line 332"")",/results/temp/655/quic_server_test_version_negociation0.iev,0.0,0.0
269,quinn,server,,,,/results/temp/57/quic_server_test_retry0.iev,0.0,1.0
270,quiche,server,,,"ivy_return_code(1)+assumption_failed(""quic_server_test_retry.ivy: line 703"")",/results/temp/314/quic_server_test_retry0.iev,0.0,0.0
271,picoquic,server,,,,/results/temp/510/quic_server_test_version_negociation0.iev,0.0,1.0
272,picoquic,server,,,,/results/temp/504/quic_server_test_version_negociation0.iev,0.0,1.0
273,,server,,,,/results/temp/108/quic_server_test_retry0.iev,0.0,1.0
274,picoquic,server,,,,/results/temp/531/quic_server_test_version_negociation0.iev,0.0,1.0
275,picoquic,server,,,,/results/temp/162/quic_server_test_retry0.iev,0.0,1.0
276,,server,,,,/results/temp/471/quic_server_test_version_negociation0.iev,0.0,1.0
277,picoquic,server,,,,/results/temp/176/quic_server_test_retry0.iev,0.0,1.0
278,quinn,server,,,"ivy_return_code(1)+assumption_failed(""/usr/local/lib/python2.7/dist-packages/ivy/include/1.7/quic_packet.ivy: line 454"")",/results/temp/405/quic_server_test_version_negociation0.iev,0.0,0.0
279,picoquic,server,,,,/results/temp/182/quic_server_test_retry0.iev,0.0,1.0
280,aioquic,server,,,,/results/temp/270/quic_server_test_retry0.iev,0.0,1.0
281,quant,server,,,,/results/temp/38/quic_server_test_retry0.iev,0.0,1.0
282,quinn,server,,,,/results/temp/69/quic_server_test_retry0.iev,0.0,1.0
283,quiche,server,,,"ivy_return_code(1)+assumption_failed(""quic_server_test_version_negociation.ivy: line 332"")",/results/temp/676/quic_server_test_version_negociation0.iev,0.0,0.0
284,quic-go,server,,,,/results/temp/584/quic_server_test_version_negociation0.iev,0.0,1.0
285,quiche,server,,,"ivy_return_code(1)+assumption_failed(""quic_server_test_retry.ivy: line 703"")",/results/temp/334/quic_server_test_retry0.iev,0.0,0.0
286,quant,server,,,,/results/temp/383/quic_server_test_version_negociation0.iev,0.0,1.0
287,aioquic,server,,,,/results/temp/267/quic_server_test_retry0.iev,0.0,1.0
288,aioquic,server,,,,/results/temp/622/quic_server_test_version_negociation0.iev,0.0,1.0
289,picoquic,server,,,,/results/temp/506/quic_server_test_version_negociation0.iev,0.0,1.0
290,quic-go,server,,,"ivy_return_code(1)+assumption_failed(""quic_server_test_retry.ivy: line 703"")",/results/temp/249/quic_server_test_retry0.iev,0.0,0.0
291,quic-go,server,,,,/results/temp/587/quic_server_test_version_negociation0.iev,0.0,1.0
292,quiche,server,,,"ivy_return_code(1)+assumption_failed(""quic_server_test_version_negociation.ivy: line 332"")",/results/temp/697/quic_server_test_version_negociation0.iev,0.0,0.0
293,,server,,,,/results/temp/145/quic_server_test_retry0.iev,0.0,1.0
294,aioquic,server,,,,/results/temp/251/quic_server_test_retry0.iev,0.0,1.0
295,quant,server,,,,/results/temp/15/quic_server_test_retry0.iev,0.0,1.0
296,quinn,server,,,,/results/temp/82/quic_server_test_retry0.iev,0.0,1.0
297,quiche,server,,,"ivy_return_code(1)+assumption_failed(""quic_server_test_retry.ivy: line 703"")",/results/temp/315/quic_server_test_retry0.iev,0.0,0.0
298,picoquic,server,,,,/results/temp/172/quic_server_test_retry0.iev,0.0,1.0
299,quic-go,server,,,,/results/temp/592/quic_server_test_version_negociation0.iev,0.0,1.0
300,quic-go,server,,,"ivy_return_code(1)+assumption_failed(""quic_server_test_retry.ivy: line 703"")",/results/temp/245/quic_server_test_retry0.iev,0.0,0.0
301,quic-go,server,,,"ivy_return_code(1)+assumption_failed(""quic_server_test_retry.ivy: line 703"")",/results/temp/224/quic_server_test_retry0.iev,0.0,0.0
302,picoquic,server,,,,/results/temp/522/quic_server_test_version_negociation0.iev,0.0,1.0
303,aioquic,server,,,,/results/temp/298/quic_server_test_retry0.iev,0.0,1.0
304,quic-go,server,,,,/results/temp/594/quic_server_test_version_negociation0.iev,0.0,1.0
305,,server,,,,/results/temp/477/quic_server_test_version_negociation0.iev,0.0,1.0
306,quinn,server,,,,/results/temp/89/quic_server_test_retry0.iev,0.0,1.0
307,quiche,server,,,"ivy_return_code(1)+assumption_failed(""quic_server_test_version_negociation.ivy: line 332"")",/results/temp/671/quic_server_test_version_negociation0.iev,0.0,0.0
308,quinn,server,,,,/results/temp/66/quic_server_test_retry0.iev,0.0,1.0
309,quic-go,server,,,"ivy_return_code(1)+assumption_failed(""quic_server_test_retry.ivy: line 703"")",/results/temp/215/quic_server_test_retry0.iev,0.0,0.0
310,quic-go,server,,,,/results/temp/581/quic_server_test_version_negociation0.iev,0.0,1.0
311,quant,server,,,"ivy_return_code(1)+assertion_failed(""/usr/local/lib/python2.7/dist-packages/ivy/include/1.7/quic_packet_retry.ivy: line 225"")",/results/temp/362/quic_server_test_version_negociation0.iev,0.0,0.0
312,,server,,,,/results/temp/132/quic_server_test_retry0.iev,0.0,1.0
313,quiche,server,,,"ivy_return_code(1)+assumption_failed(""quic_server_test_version_negociation.ivy: line 332"")",/results/temp/656/quic_server_test_version_negociation0.iev,0.0,0.0
314,,server,,,,/results/temp/456/quic_server_test_version_negociation0.iev,0.0,1.0
315,quinn,server,,,"ivy_return_code(1)+assumption_failed(""/usr/local/lib/python2.7/dist-packages/ivy/include/1.7/quic_packet.ivy: line 454"")",/results/temp/419/quic_server_test_version_negociation0.iev,0.0,0.0
316,aioquic,server,,,"ivy_return_code(1)+assumption_failed(""/usr/local/lib/python2.7/dist-packages/ivy/include/1.7/quic_packet.ivy: line 454"")",/results/temp/292/quic_server_test_retry0.iev,0.0,0.0
317,aioquic,server,,,,/results/temp/643/quic_server_test_version_negociation0.iev,0.0,1.0
318,quiche,server,,,"ivy_return_code(1)+assumption_failed(""quic_server_test_retry.ivy: line 703"")",/results/temp/308/quic_server_test_retry0.iev,0.0,0.0
319,quic-go,server,,,"ivy_return_code(1)+assumption_failed(""quic_server_test_retry.ivy: line 703"")",/results/temp/248/quic_server_test_retry0.iev,0.0,0.0
320,quinn,server,,,,/results/temp/421/quic_server_test_version_negociation0.iev,0.0,1.0
321,picoquic,server,,,,/results/temp/165/quic_server_test_retry0.iev,0.0,1.0
322,quic-go,server,,,"timeout+> tls_recv_event({protocol:tcp,addr:0,port:0x7a33},{protocol:tcp,addr:0,port:0x346},16119802638124610545,1,handshake,0x3ad,0x58a)",/results/temp/204/quic_server_test_retry0.iev,0.0,0.0
323,quant,server,,,,/results/temp/24/quic_server_test_retry0.iev,0.0,1.0
324,quic-go,server,,,,/results/temp/556/quic_server_test_version_negociation0.iev,0.0,1.0
325,,server,,,,/results/temp/125/quic_server_test_retry0.iev,0.0,1.0
326,quiche,server,,,"ivy_return_code(1)+assumption_failed(""quic_server_test_version_negociation.ivy: line 332"")",/results/temp/693/quic_server_test_version_negociation0.iev,0.0,0.0
327,quant,server,,,,/results/temp/26/quic_server_test_retry0.iev,0.0,1.0
328,,server,,,,/results/temp/493/quic_server_test_version_negociation0.iev,0.0,1.0
329,quant,server,,,,/results/temp/371/quic_server_test_version_negociation0.iev,0.0,1.0
330,picoquic,server,,,,/results/temp/511/quic_server_test_version_negociation0.iev,0.0,1.0
331,quant,server,,,"ivy_return_code(1)+assertion_failed(""/usr/local/lib/python2.7/dist-packages/ivy/include/1.7/quic_packet_retry.ivy: line 225"")",/results/temp/367/quic_server_test_version_negociation0.iev,0.0,0.0
332,,server,,,,/results/temp/487/quic_server_test_version_negociation0.iev,0.0,1.0
333,picoquic,server,,,,/results/temp/175/quic_server_test_retry0.iev,0.0,1.0
334,,server,,,,/results/temp/105/quic_server_test_retry0.iev,0.0,1.0
335,,server,,,,/results/temp/120/quic_server_test_retry0.iev,0.0,1.0
336,quiche,server,,,"ivy_return_code(1)+assumption_failed(""quic_server_test_version_negociation.ivy: line 332"")",/results/temp/667/quic_server_test_version_negociation0.iev,0.0,0.0
337,quant,server,,,,/results/temp/391/quic_server_test_version_negociation0.iev,0.0,1.0
338,aioquic,server,,,"ivy_return_code(1)+assumption_failed(""/usr/local/lib/python2.7/dist-packages/ivy/include/1.7/quic_packet.ivy: line 454"")",/results/temp/634/quic_server_test_version_negociation0.iev,0.0,0.0
339,quiche,server,,,"ivy_return_code(1)+assumption_failed(""quic_server_test_version_negociation.ivy: line 332"")",/results/temp/659/quic_server_test_version_negociation0.iev,0.0,0.0
340,quic-go,server,,,"ivy_return_code(1)+assumption_failed(""quic_server_test_retry.ivy: line 703"")",/results/temp/226/quic_server_test_retry0.iev,0.0,0.0
341,quinn,server,,,"ivy_return_code(1)+assumption_failed(""/usr/local/lib/python2.7/dist-packages/ivy/include/1.7/quic_packet.ivy: line 454"")",/results/temp/406/quic_server_test_version_negociation0.iev,0.0,0.0
342,quiche,server,,,"ivy_return_code(1)+assumption_failed(""quic_server_test_retry.ivy: line 703"")",/results/temp/319/quic_server_test_retry0.iev,0.0,0.0
343,quant,server,,,,/results/temp/374/quic_server_test_version_negociation0.iev,0.0,1.0
344,quiche,server,,,"ivy_return_code(1)+assumption_failed(""quic_server_test_version_negociation.ivy: line 332"")",/results/temp/662/quic_server_test_version_negociation0.iev,0.0,0.0
345,quic-go,server,,,,/results/temp/562/quic_server_test_version_negociation0.iev,0.0,1.0
346,quant,server,,,,/results/temp/14/quic_server_test_retry0.iev,0.0,1.0
347,quiche,server,,,"ivy_return_code(1)+assumption_failed(""quic_server_test_retry.ivy: line 703"")",/results/temp/303/quic_server_test_retry0.iev,0.0,0.0
348,quant,server,,,"ivy_return_code(1)+assertion_failed(""/usr/local/lib/python2.7/dist-packages/ivy/include/1.7/quic_packet_retry.ivy: line 225"")",/results/temp/389/quic_server_test_version_negociation0.iev,0.0,0.0
349,quant,server,,,,/results/temp/39/quic_server_test_retry0.iev,0.0,1.0
350,quant,server,,,"ivy_return_code(1)+assertion_failed(""/usr/local/lib/python2.7/dist-packages/ivy/include/1.7/quic_packet_retry.ivy: line 225"")",/results/temp/356/quic_server_test_version_negociation0.iev,0.0,0.0
351,aioquic,server,,,,/results/temp/277/quic_server_test_retry0.iev,0.0,1.0
352,picoquic,server,,,,/results/temp/505/quic_server_test_version_negociation0.iev,0.0,1.0
353,quant,server,,,,/results/temp/361/quic_server_test_version_negociation0.iev,0.0,1.0
354,quant,server,,,,/results/temp/380/quic_server_test_version_negociation0.iev,0.0,1.0
355,,server,,,,/results/temp/480/quic_server_test_version_negociation0.iev,0.0,1.0
356,,server,,,,/results/temp/121/quic_server_test_retry0.iev,0.0,1.0
357,quic-go,server,,,"ivy_return_code(1)+assumption_failed(""quic_server_test_retry.ivy: line 703"")",/results/temp/246/quic_server_test_retry0.iev,0.0,0.0
358,quiche,server,,,"ivy_return_code(1)+assumption_failed(""quic_server_test_retry.ivy: line 703"")",/results/temp/311/quic_server_test_retry0.iev,0.0,0.0
359,quiche,server,,,"ivy_return_code(1)+assumption_failed(""quic_server_test_retry.ivy: line 703"")",/results/temp/328/quic_server_test_retry0.iev,0.0,0.0
360,picoquic,server,,,,/results/temp/198/quic_server_test_retry0.iev,0.0,1.0
361,quiche,server,,,"ivy_return_code(1)+assumption_failed(""quic_server_test_retry.ivy: line 703"")",/results/temp/348/quic_server_test_retry0.iev,0.0,0.0
362,quiche,server,,,"ivy_return_code(1)+assumption_failed(""quic_server_test_version_negociation.ivy: line 332"")",/results/temp/689/quic_server_test_version_negociation0.iev,0.0,0.0
363,quinn,server,,,,/results/temp/84/quic_server_test_retry0.iev,0.0,1.0
364,picoquic,server,,,,/results/temp/160/quic_server_test_retry0.iev,0.0,1.0
365,quiche,server,,,"ivy_return_code(1)+assumption_failed(""quic_server_test_retry.ivy: line 703"")",/results/temp/327/quic_server_test_retry0.iev,0.0,0.0
366,quinn,server,,,,/results/temp/79/quic_server_test_retry0.iev,0.0,1.0
367,,server,,,,/results/temp/470/quic_server_test_version_negociation0.iev,0.0,1.0
368,,server,,,,/results/temp/486/quic_server_test_version_negociation0.iev,0.0,1.0
369,quant,server,,,,/results/temp/359/quic_server_test_version_negociation0.iev,0.0,1.0
370,aioquic,server,,,"ivy_return_code(1)+assumption_failed(""/usr/local/lib/python2.7/dist-packages/ivy/include/1.7/quic_packet.ivy: line 454"")",/results/temp/609/quic_server_test_version_negociation0.iev,0.0,0.0
371,,server,,,,/results/temp/457/quic_server_test_version_negociation0.iev,0.0,1.0
372,picoquic,server,,,,/results/temp/188/quic_server_test_retry0.iev,0.0,1.0
373,quinn,server,,,"ivy_return_code(1)+assumption_failed(""/usr/local/lib/python2.7/dist-packages/ivy/include/1.7/quic_packet.ivy: line 454"")",/results/temp/400/quic_server_test_version_negociation0.iev,0.0,0.0
374,quant,server,,,,/results/temp/49/quic_server_test_retry0.iev,0.0,1.0
375,picoquic,server,,,,/results/temp/513/quic_server_test_version_negociation0.iev,0.0,1.0
376,quinn,server,,,"ivy_return_code(1)+assumption_failed(""/usr/local/lib/python2.7/dist-packages/ivy/include/1.7/quic_packet.ivy: line 454"")",/results/temp/444/quic_server_test_version_negociation0.iev,0.0,0.0
377,,server,,,,/results/temp/497/quic_server_test_version_negociation0.iev,0.0,1.0
378,quiche,server,,,"ivy_return_code(1)+assumption_failed(""quic_server_test_version_negociation.ivy: line 332"")",/results/temp/679/quic_server_test_version_negociation0.iev,0.0,0.0
379,quinn,server,,,,/results/temp/81/quic_server_test_retry0.iev,0.0,1.0
380,quic-go,server,,,,/results/temp/582/quic_server_test_version_negociation0.iev,0.0,1.0
381,aioquic,server,,,,/results/temp/297/quic_server_test_retry0.iev,0.0,1.0
382,,server,,,,/results/temp/102/quic_server_test_retry0.iev,0.0,1.0
383,,server,,,,/results/temp/495/quic_server_test_version_negociation0.iev,0.0,1.0
384,,server,,,,/results/temp/112/quic_server_test_retry0.iev,0.0,1.0
385,aioquic,server,,,"ivy_return_code(1)+assumption_failed(""/usr/local/lib/python2.7/dist-packages/ivy/include/1.7/quic_packet.ivy: line 454"")",/results/temp/642/quic_server_test_version_negociation0.iev,0.0,0.0
386,picoquic,server,,,,/results/temp/537/quic_server_test_version_negociation0.iev,0.0,1.0
387,,server,,,,/results/temp/118/quic_server_test_retry0.iev,0.0,1.0
388,quic-go,server,,,,/results/temp/596/quic_server_test_version_negociation0.iev,0.0,1.0
389,aioquic,server,,,"ivy_return_code(1)+assumption_failed(""/usr/local/lib/python2.7/dist-packages/ivy/include/1.7/quic_packet.ivy: line 454"")",/results/temp/619/quic_server_test_version_negociation0.iev,0.0,0.0
390,aioquic,server,,,,/results/temp/641/quic_server_test_version_negociation0.iev,0.0,1.0
391,picoquic,server,,,,/results/temp/547/quic_server_test_version_negociation0.iev,0.0,1.0
392,quic-go,server,,,,/results/temp/593/quic_server_test_version_negociation0.iev,0.0,1.0
393,,server,,,,/results/temp/467/quic_server_test_version_negociation0.iev,0.0,1.0
394,quiche,server,,,"ivy_return_code(1)+assumption_failed(""quic_server_test_version_negociation.ivy: line 332"")",/results/temp/688/quic_server_test_version_negociation0.iev,0.0,0.0
395,quiche,server,,,"ivy_return_code(1)+assumption_failed(""quic_server_test_retry.ivy: line 703"")",/results/temp/307/quic_server_test_retry0.iev,0.0,0.0
396,quic-go,server,,,,/results/temp/591/quic_server_test_version_negociation0.iev,0.0,1.0
397,aioquic,server,,,,/results/temp/295/quic_server_test_retry0.iev,0.0,1.0
398,quic-go,server,,,"ivy_return_code(1)+assumption_failed(""quic_server_test_retry.ivy: line 703"")",/results/temp/241/quic_server_test_retry0.iev,0.0,0.0
399,quiche,server,,,"ivy_return_code(1)+assumption_failed(""quic_server_test_retry.ivy: line 703"")",/results/temp/339/quic_server_test_retry0.iev,0.0,0.0
400,quinn,server,,,,/results/temp/91/quic_server_test_retry0.iev,0.0,1.0
401,quic-go,server,,,,/results/temp/585/quic_server_test_version_negociation0.iev,0.0,1.0
402,,server,,,,/results/temp/458/quic_server_test_version_negociation0.iev,0.0,1.0
403,aioquic,server,,,"ivy_return_code(1)+assumption_failed(""/usr/local/lib/python2.7/dist-packages/ivy/include/1.7/quic_packet.ivy: line 454"")",/results/temp/602/quic_server_test_version_negociation0.iev,0.0,0.0
404,quiche,server,,,"ivy_return_code(1)+assumption_failed(""quic_server_test_version_negociation.ivy: line 332"")",/results/temp/675/quic_server_test_version_negociation0.iev,0.0,0.0
405,quiche,server,,,"ivy_return_code(1)+assumption_failed(""quic_server_test_version_negociation.ivy: line 332"")",/results/temp/691/quic_server_test_version_negociation0.iev,0.0,0.0
406,quic-go,server,,,"ivy_return_code(1)+assumption_failed(""quic_server_test_retry.ivy: line 703"")",/results/temp/243/quic_server_test_retry0.iev,0.0,0.0
407,picoquic,server,,,,/results/temp/523/quic_server_test_version_negociation0.iev,0.0,1.0
408,quic-go,server,,,,/results/temp/565/quic_server_test_version_negociation0.iev,0.0,1.0
409,quinn,server,,,"ivy_return_code(1)+assumption_failed(""/usr/local/lib/python2.7/dist-packages/ivy/include/1.7/quic_packet.ivy: line 454"")",/results/temp/410/quic_server_test_version_negociation0.iev,0.0,0.0
410,quant,server,,,,/results/temp/390/quic_server_test_version_negociation0.iev,0.0,1.0
411,aioquic,server,,,"ivy_return_code(1)+assumption_failed(""/usr/local/lib/python2.7/dist-packages/ivy/include/1.7/quic_packet.ivy: line 454"")",/results/temp/613/quic_server_test_version_negociation0.iev,0.0,0.0
412,,server,,,,/results/temp/468/quic_server_test_version_negociation0.iev,0.0,1.0
413,aioquic,server,,,"ivy_return_code(1)+assumption_failed(""/usr/local/lib/python2.7/dist-packages/ivy/include/1.7/quic_packet.ivy: line 454"")",/results/temp/269/quic_server_test_retry0.iev,0.0,0.0
414,quiche,server,,,"ivy_return_code(1)+assumption_failed(""quic_server_test_retry.ivy: line 703"")",/results/temp/320/quic_server_test_retry0.iev,0.0,0.0
415,quinn,server,,,"ivy_return_code(1)+assumption_failed(""/usr/local/lib/python2.7/dist-packages/ivy/include/1.7/quic_packet.ivy: line 454"")",/results/temp/447/quic_server_test_version_negociation0.iev,0.0,0.0
416,,server,,,,/results/temp/488/quic_server_test_version_negociation0.iev,0.0,1.0
417,aioquic,server,,,"ivy_return_code(1)+assumption_failed(""/usr/local/lib/python2.7/dist-packages/ivy/include/1.7/quic_packet.ivy: line 454"")",/results/temp/296/quic_server_test_retry0.iev,0.0,0.0
418,quant,server,,,,/results/temp/373/quic_server_test_version_negociation0.iev,0.0,1.0
419,quic-go,server,,,"ivy_return_code(1)+assumption_failed(""quic_server_test_retry.ivy: line 703"")",/results/temp/210/quic_server_test_retry0.iev,0.0,0.0
420,aioquic,server,,,,/results/temp/603/quic_server_test_version_negociation0.iev,0.0,1.0
421,quant,server,,,,/results/temp/29/quic_server_test_retry0.iev,0.0,1.0
422,picoquic,server,,,,/results/temp/502/quic_server_test_version_negociation0.iev,0.0,1.0
423,quinn,server,,,,/results/temp/445/quic_server_test_version_negociation0.iev,0.0,1.0
424,quiche,server,,,"ivy_return_code(1)+assumption_failed(""quic_server_test_retry.ivy: line 703"")",/results/temp/332/quic_server_test_retry0.iev,0.0,0.0
425,aioquic,server,,,,/results/temp/286/quic_server_test_retry0.iev,0.0,1.0
426,picoquic,server,,,,/results/temp/191/quic_server_test_retry0.iev,0.0,1.0
427,quic-go,server,,,"ivy_return_code(1)+assumption_failed(""quic_server_test_retry.ivy: line 703"")",/results/temp/229/quic_server_test_retry0.iev,0.0,0.0
428,quant,server,,,,/results/temp/33/quic_server_test_retry0.iev,0.0,1.0
429,quiche,server,,,"ivy_return_code(1)+assumption_failed(""quic_server_test_version_negociation.ivy: line 332"")",/results/temp/654/quic_server_test_version_negociation0.iev,0.0,0.0
430,quant,server,,,"ivy_return_code(1)+assertion_failed(""/usr/local/lib/python2.7/dist-packages/ivy/include/1.7/quic_packet_retry.ivy: line 225"")",/results/temp/381/quic_server_test_version_negociation0.iev,0.0,0.0
431,picoquic,server,,,,/results/temp/512/quic_server_test_version_negociation0.iev,0.0,1.0
432,quic-go,server,,,"ivy_return_code(1)+assumption_failed(""quic_server_test_retry.ivy: line 703"")",/results/temp/201/quic_server_test_retry0.iev,0.0,0.0
433,,server,,,,/results/temp/148/quic_server_test_retry0.iev,0.0,1.0
434,aioquic,server,,,"ivy_return_code(1)+assumption_failed(""/usr/local/lib/python2.7/dist-packages/ivy/include/1.7/quic_packet.ivy: line 454"")",/results/temp/608/quic_server_test_version_negociation0.iev,0.0,0.0
435,picoquic,server,,,,/results/temp/163/quic_server_test_retry0.iev,0.0,1.0
436,quant,server,,,,/results/temp/4/quic_server_test_retry0.iev,0.0,1.0
437,,server,,,,/results/temp/489/quic_server_test_version_negociation0.iev,0.0,1.0
438,quant,server,,,,/results/temp/23/quic_server_test_retry0.iev,0.0,1.0
439,quic-go,server,,,,/results/temp/595/quic_server_test_version_negociation0.iev,0.0,1.0
440,aioquic,server,,,"ivy_return_code(1)+assumption_failed(""/usr/local/lib/python2.7/dist-packages/ivy/include/1.7/quic_packet.ivy: line 454"")",/results/temp/607/quic_server_test_version_negociation0.iev,0.0,0.0
441,quant,server,,,"ivy_return_code(1)+assertion_failed(""/usr/local/lib/python2.7/dist-packages/ivy/include/1.7/quic_packet_retry.ivy: line 225"")",/results/temp/370/quic_server_test_version_negociation0.iev,0.0,0.0
442,quant,server,,,"ivy_return_code(1)+assertion_failed(""/usr/local/lib/python2.7/dist-packages/ivy/include/1.7/quic_packet_retry.ivy: line 225"")",/results/temp/372/quic_server_test_version_negociation0.iev,0.0,0.0
443,quinn,server,,,"ivy_return_code(1)+assertion_failed(""/usr/local/lib/python2.7/dist-packages/ivy/include/1.7/quic_packet_retry.ivy: line 225"")",/results/temp/73/quic_server_test_retry0.iev,0.0,0.0
444,quic-go,server,,,,/results/temp/563/quic_server_test_version_negociation0.iev,0.0,1.0
445,,server,,,,/results/temp/481/quic_server_test_version_negociation0.iev,0.0,1.0
446,quiche,server,,,"ivy_return_code(1)+assumption_failed(""quic_server_test_retry.ivy: line 703"")",/results/temp/312/quic_server_test_retry0.iev,0.0,0.0
447,aioquic,server,,,,/results/temp/284/quic_server_test_retry0.iev,0.0,1.0
448,quic-go,server,,,"ivy_return_code(1)+assumption_failed(""quic_server_test_retry.ivy: line 703"")",/results/temp/200/quic_server_test_retry0.iev,0.0,0.0
449,picoquic,server,,,"timeout+> tls_recv_event({protocol:tcp,addr:0,port:0x8c82},{protocol:tcp,addr:0,port:0x85d1},18159789368211348923,1,handshake,0x4c4,0x4f2)",/results/temp/169/quic_server_test_retry0.iev,0.0,0.0
450,picoquic,server,,,,/results/temp/178/quic_server_test_retry0.iev,0.0,1.0
451,quiche,server,,,"ivy_return_code(1)+assumption_failed(""quic_server_test_retry.ivy: line 703"")",/results/temp/306/quic_server_test_retry0.iev,0.0,0.0
452,quinn,server,,,,/results/temp/55/quic_server_test_retry0.iev,0.0,1.0
453,aioquic,server,,,"ivy_return_code(1)+assumption_failed(""/usr/local/lib/python2.7/dist-packages/ivy/include/1.7/quic_packet.ivy: line 454"")",/results/temp/621/quic_server_test_version_negociation0.iev,0.0,0.0
454,quiche,server,,,"ivy_return_code(1)+assumption_failed(""quic_server_test_retry.ivy: line 703"")",/results/temp/330/quic_server_test_retry0.iev,0.0,0.0
455,quic-go,server,,,,/results/temp/578/quic_server_test_version_negociation0.iev,0.0,1.0
456,aioquic,server,,,"ivy_return_code(1)+assumption_failed(""/usr/local/lib/python2.7/dist-packages/ivy/include/1.7/quic_packet.ivy: line 454"")",/results/temp/275/quic_server_test_retry0.iev,0.0,0.0
457,aioquic,server,,,,/results/temp/283/quic_server_test_retry0.iev,0.0,1.0
458,quinn,server,,,,/results/temp/443/quic_server_test_version_negociation0.iev,0.0,1.0
459,quinn,server,,,,/results/temp/417/quic_server_test_version_negociation0.iev,0.0,1.0
460,,server,,,,/results/temp/455/quic_server_test_version_negociation0.iev,0.0,1.0
461,aioquic,server,,,"ivy_return_code(1)+assumption_failed(""/usr/local/lib/python2.7/dist-packages/ivy/include/1.7/quic_packet.ivy: line 454"")",/results/temp/605/quic_server_test_version_negociation0.iev,0.0,0.0
462,quic-go,server,,,"ivy_return_code(1)+assumption_failed(""quic_server_test_retry.ivy: line 703"")",/results/temp/236/quic_server_test_retry0.iev,0.0,0.0
463,quant,server,,,,/results/temp/34/quic_server_test_retry0.iev,0.0,1.0
464,quiche,server,,,"ivy_return_code(1)+assumption_failed(""quic_server_test_version_negociation.ivy: line 332"")",/results/temp/672/quic_server_test_version_negociation0.iev,0.0,0.0
465,quic-go,server,,,"ivy_return_code(1)+assumption_failed(""quic_server_test_retry.ivy: line 703"")",/results/temp/209/quic_server_test_retry0.iev,0.0,0.0
466,quic-go,server,,,"ivy_return_code(1)+assumption_failed(""quic_server_test_retry.ivy: line 703"")",/results/temp/220/quic_server_test_retry0.iev,0.0,0.0
467,quic-go,server,,,"timeout+> tls_recv_event({protocol:tcp,addr:0,port:0x832a},{protocol:udp,addr:0,port:0x205f},5630575319359059058,1,handshake,0x3b1,0x588)",/results/temp/240/quic_server_test_retry0.iev,0.0,0.0
468,,server,,,,/results/temp/474/quic_server_test_version_negociation0.iev,0.0,1.0
469,quic-go,server,,,,/results/temp/598/quic_server_test_version_negociation0.iev,0.0,1.0
470,quant,server,,,,/results/temp/358/quic_server_test_version_negociation0.iev,0.0,1.0
471,quic-go,server,,,,/results/temp/551/quic_server_test_version_negociation0.iev,0.0,1.0
472,aioquic,server,,,"ivy_return_code(1)+assumption_failed(""/usr/local/lib/python2.7/dist-packages/ivy/include/1.7/quic_packet.ivy: line 454"")",/results/temp/637/quic_server_test_version_negociation0.iev,0.0,0.0
473,quant,server,,,,/results/temp/11/quic_server_test_retry0.iev,0.0,1.0
474,quant,server,,,,/results/temp/31/quic_server_test_retry0.iev,0.0,1.0
475,quant,server,,,,/results/temp/386/quic_server_test_version_negociation0.iev,0.0,1.0
476,quic-go,server,,,"ivy_return_code(1)+assumption_failed(""quic_server_test_retry.ivy: line 703"")",/results/temp/217/quic_server_test_retry0.iev,0.0,0.0
477,,server,,,,/results/temp/499/quic_server_test_version_negociation0.iev,0.0,1.0
478,quinn,server,,,"ivy_return_code(1)+assumption_failed(""/usr/local/lib/python2.7/dist-packages/ivy/include/1.7/quic_packet.ivy: line 454"")",/results/temp/416/quic_server_test_version_negociation0.iev,0.0,0.0
479,quant,server,,,,/results/temp/360/quic_server_test_version_negociation0.iev,0.0,1.0
480,picoquic,server,,,,/results/temp/180/quic_server_test_retry0.iev,0.0,1.0
481,aioquic,server,,,"ivy_return_code(1)+assumption_failed(""/usr/local/lib/python2.7/dist-packages/ivy/include/1.7/quic_packet.ivy: line 454"")",/results/temp/274/quic_server_test_retry0.iev,0.0,0.0
482,quic-go,server,,,"ivy_return_code(1)+assumption_failed(""quic_server_test_retry.ivy: line 703"")",/results/temp/213/quic_server_test_retry0.iev,0.0,0.0
483,quiche,server,,,"ivy_return_code(1)+assumption_failed(""quic_server_test_retry.ivy: line 703"")",/results/temp/347/quic_server_test_retry0.iev,0.0,0.0
484,quant,server,,,,/results/temp/364/quic_server_test_version_negociation0.iev,0.0,1.0
485,quant,server,,,,/results/temp/395/quic_server_test_version_negociation0.iev,0.0,1.0
486,quiche,server,,,"ivy_return_code(1)+assumption_failed(""quic_server_test_version_negociation.ivy: line 332"")",/results/temp/674/quic_server_test_version_negociation0.iev,0.0,0.0
487,,server,,,,/results/temp/124/quic_server_test_retry0.iev,0.0,1.0
488,,server,,,,/results/temp/492/quic_server_test_version_negociation0.iev,0.0,1.0
489,quinn,server,,,,/results/temp/87/quic_server_test_retry0.iev,0.0,1.0
490,quinn,server,,,,/results/temp/76/quic_server_test_retry0.iev,0.0,1.0
491,quinn,server,,,,/results/temp/58/quic_server_test_retry0.iev,0.0,1.0
492,aioquic,server,,,"ivy_return_code(1)+assumption_failed(""/usr/local/lib/python2.7/dist-packages/ivy/include/1.7/quic_packet.ivy: line 454"")",/results/temp/631/quic_server_test_version_negociation0.iev,0.0,0.0
493,picoquic,server,,,,/results/temp/540/quic_server_test_version_negociation0.iev,0.0,1.0
494,quinn,server,,,,/results/temp/53/quic_server_test_retry0.iev,0.0,1.0
495,,server,,,,/results/temp/127/quic_server_test_retry0.iev,0.0,1.0
496,aioquic,server,,,"ivy_return_code(1)+assumption_failed(""/usr/local/lib/python2.7/dist-packages/ivy/include/1.7/quic_packet.ivy: line 454"")",/results/temp/612/quic_server_test_version_negociation0.iev,0.0,0.0
497,quinn,server,,,,/results/temp/83/quic_server_test_retry0.iev,0.0,1.0
498,quiche,server,,,"ivy_return_code(1)+assumption_failed(""/usr/local/lib/python2.7/dist-packages/ivy/include/1.7/quic_packet.ivy: line 454"")",/results/temp/670/quic_server_test_version_negociation0.iev,0.0,0.0
499,picoquic,server,,,,/results/temp/538/quic_server_test_version_negociation0.iev,0.0,1.0
500,quic-go,server,,,,/results/temp/560/quic_server_test_version_negociation0.iev,0.0,1.0
501,quinn,server,,,,/results/temp/448/quic_server_test_version_negociation0.iev,0.0,1.0
502,aioquic,server,,,,/results/temp/626/quic_server_test_version_negociation0.iev,0.0,1.0
503,quant,server,,,,/results/temp/387/quic_server_test_version_negociation0.iev,0.0,1.0
504,quant,server,,,,/results/temp/377/quic_server_test_version_negociation0.iev,0.0,1.0
505,quiche,server,,,"ivy_return_code(1)+assumption_failed(""quic_server_test_retry.ivy: line 703"")",/results/temp/313/quic_server_test_retry0.iev,0.0,0.0
506,,server,,,,/results/temp/472/quic_server_test_version_negociation0.iev,0.0,1.0
507,picoquic,server,,,,/results/temp/186/quic_server_test_retry0.iev,0.0,1.0
508,picoquic,server,,,,/results/temp/168/quic_server_test_retry0.iev,0.0,1.0
509,aioquic,server,,,,/results/temp/261/quic_server_test_retry0.iev,0.0,1.0
510,quic-go,server,,,,/results/temp/599/quic_server_test_version_negociation0.iev,0.0,1.0
511,aioquic,server,,,,/results/temp/264/quic_server_test_retry0.iev,0.0,1.0
512,quic-go,server,,,"ivy_return_code(1)+assumption_failed(""quic_server_test_retry.ivy: line 703"")",/results/temp/247/quic_server_test_retry0.iev,0.0,0.0
513,picoquic,server,,,,/results/temp/525/quic_server_test_version_negociation0.iev,0.0,1.0
514,,server,,,,/results/temp/483/quic_server_test_version_negociation0.iev,0.0,1.0
515,picoquic,server,,,,/results/temp/536/quic_server_test_version_negociation0.iev,0.0,1.0
516,quinn,server,,,,/results/temp/429/quic_server_test_version_negociation0.iev,0.0,1.0
517,aioquic,server,,,,/results/temp/256/quic_server_test_retry0.iev,0.0,1.0
518,,server,,,,/results/temp/149/quic_server_test_retry0.iev,0.0,1.0
519,quinn,server,,,,/results/temp/442/quic_server_test_version_negociation0.iev,0.0,1.0
520,quic-go,server,,,"ivy_return_code(1)+assumption_failed(""quic_server_test_retry.ivy: line 703"")",/results/temp/203/quic_server_test_retry0.iev,0.0,0.0
521,aioquic,server,,,"ivy_return_code(1)+assumption_failed(""/usr/local/lib/python2.7/dist-packages/ivy/include/1.7/quic_packet.ivy: line 454"")",/results/temp/636/quic_server_test_version_negociation0.iev,0.0,0.0
522,quic-go,server,,,,/results/temp/568/quic_server_test_version_negociation0.iev,0.0,1.0
523,,server,,,,/results/temp/123/quic_server_test_retry0.iev,0.0,1.0
524,aioquic,server,,,,/results/temp/291/quic_server_test_retry0.iev,0.0,1.0
525,,server,,,,/results/temp/136/quic_server_test_retry0.iev,0.0,1.0
526,quant,server,,,,/results/temp/37/quic_server_test_retry0.iev,0.0,1.0
527,quant,server,,,,/results/temp/12/quic_server_test_retry0.iev,0.0,1.0
528,quiche,server,,,"ivy_return_code(1)+assumption_failed(""quic_server_test_version_negociation.ivy: line 332"")",/results/temp/668/quic_server_test_version_negociation0.iev,0.0,0.0
529,quant,server,,,,/results/temp/20/quic_server_test_retry0.iev,0.0,1.0
530,quinn,server,,,,/results/temp/413/quic_server_test_version_negociation0.iev,0.0,1.0
531,picoquic,server,,,,/results/temp/197/quic_server_test_retry0.iev,0.0,1.0
532,picoquic,server,,,,/results/temp/514/quic_server_test_version_negociation0.iev,0.0,1.0
533,quiche,server,,,"ivy_return_code(1)+assumption_failed(""/usr/local/lib/python2.7/dist-packages/ivy/include/1.7/quic_packet.ivy: line 454"")",/results/temp/660/quic_server_test_version_negociation0.iev,0.0,0.0
534,quiche,server,,,"ivy_return_code(1)+assumption_failed(""/usr/local/lib/python2.7/dist-packages/ivy/include/1.7/quic_packet.ivy: line 454"")",/results/temp/699/quic_server_test_version_negociation0.iev,0.0,0.0
535,quiche,server,,,"ivy_return_code(1)+assumption_failed(""quic_server_test_version_negociation.ivy: line 332"")",/results/temp/663/quic_server_test_version_negociation0.iev,0.0,0.0
536,picoquic,server,,,,/results/temp/159/quic_server_test_retry0.iev,0.0,1.0
537,quant,server,,,,/results/temp/9/quic_server_test_retry0.iev,0.0,1.0
538,aioquic,server,,,,/results/temp/272/quic_server_test_retry0.iev,0.0,1.0
539,,server,,,,/results/temp/491/quic_server_test_version_negociation0.iev,0.0,1.0
540,quinn,server,,,,/results/temp/433/quic_server_test_version_negociation0.iev,0.0,1.0
541,picoquic,server,,,,/results/temp/500/quic_server_test_version_negociation0.iev,0.0,1.0
542,picoquic,server,,,,/results/temp/528/quic_server_test_version_negociation0.iev,0.0,1.0
543,quinn,server,,,"ivy_return_code(1)+assumption_failed(""/usr/local/lib/python2.7/dist-packages/ivy/include/1.7/quic_packet.ivy: line 454"")",/results/temp/431/quic_server_test_version_negociation0.iev,0.0,0.0
544,quic-go,server,,,"ivy_return_code(1)+assumption_failed(""quic_server_test_retry.ivy: line 703"")",/results/temp/219/quic_server_test_retry0.iev,0.0,0.0
545,quinn,server,,,,/results/temp/403/quic_server_test_version_negociation0.iev,0.0,1.0
546,quinn,server,,,,/results/temp/430/quic_server_test_version_negociation0.iev,0.0,1.0
547,quinn,server,,,"timeout+< show_set_initial_keys([0,0,0,0,0,0,0,0x2])",/results/temp/50/quic_server_test_retry0.iev,0.0,0.0
548,picoquic,server,,,,/results/temp/161/quic_server_test_retry0.iev,0.0,1.0
549,quic-go,server,,,"timeout+> tls_recv_event({protocol:tcp,addr:0,port:0xa812},{protocol:tcp,addr:0,port:0x6bc7},465581497515460703,1,handshake,0x426,0x58d)",/results/temp/232/quic_server_test_retry0.iev,0.0,0.0
550,quiche,server,,,"ivy_return_code(1)+assumption_failed(""quic_server_test_version_negociation.ivy: line 332"")",/results/temp/682/quic_server_test_version_negociation0.iev,0.0,0.0
551,aioquic,server,,,,/results/temp/640/quic_server_test_version_negociation0.iev,0.0,1.0
552,aioquic,server,,,"ivy_return_code(1)+assumption_failed(""/usr/local/lib/python2.7/dist-packages/ivy/include/1.7/quic_packet.ivy: line 454"")",/results/temp/271/quic_server_test_retry0.iev,0.0,0.0
553,aioquic,server,,,,/results/temp/262/quic_server_test_retry0.iev,0.0,1.0
554,quic-go,server,,,"ivy_return_code(1)+assumption_failed(""quic_server_test_retry.ivy: line 703"")",/results/temp/222/quic_server_test_retry0.iev,0.0,0.0
555,aioquic,server,,,"ivy_return_code(1)+assumption_failed(""/usr/local/lib/python2.7/dist-packages/ivy/include/1.7/quic_packet.ivy: line 454"")",/results/temp/276/quic_server_test_retry0.iev,0.0,0.0
556,quinn,server,,,"ivy_return_code(1)+assumption_failed(""/usr/local/lib/python2.7/dist-packages/ivy/include/1.7/quic_packet.ivy: line 454"")",/results/temp/74/quic_server_test_retry0.iev,0.0,0.0
557,quic-go,server,,,,/results/temp/577/quic_server_test_version_negociation0.iev,0.0,1.0
558,quinn,server,,,,/results/temp/94/quic_server_test_retry0.iev,0.0,1.0
559,,server,,,,/results/temp/104/quic_server_test_retry0.iev,0.0,1.0
560,aioquic,server,,,"ivy_return_code(1)+assumption_failed(""/usr/local/lib/python2.7/dist-packages/ivy/include/1.7/quic_packet.ivy: line 454"")",/results/temp/293/quic_server_test_retry0.iev,0.0,0.0
561,quant,server,,,,/results/temp/42/quic_server_test_retry0.iev,0.0,1.0
562,quic-go,server,,,,/results/temp/566/quic_server_test_version_negociation0.iev,0.0,1.0
563,picoquic,server,,,,/results/temp/521/quic_server_test_version_negociation0.iev,0.0,1.0
564,aioquic,server,,,"ivy_return_code(1)+assumption_failed(""/usr/local/lib/python2.7/dist-packages/ivy/include/1.7/quic_packet.ivy: line 454"")",/results/temp/606/quic_server_test_version_negociation0.iev,0.0,0.0
565,quic-go,server,,,"ivy_return_code(1)+assumption_failed(""quic_server_test_retry.ivy: line 703"")",/results/temp/205/quic_server_test_retry0.iev,0.0,0.0
566,quic-go,server,,,,/results/temp/579/quic_server_test_version_negociation0.iev,0.0,1.0
567,quant,server,,,,/results/temp/376/quic_server_test_version_negociation0.iev,0.0,1.0
568,picoquic,server,,,,/results/temp/187/quic_server_test_retry0.iev,0.0,1.0
569,quiche,server,,,"ivy_return_code(1)+assumption_failed(""quic_server_test_version_negociation.ivy: line 332"")",/results/temp/687/quic_server_test_version_negociation0.iev,0.0,0.0
570,,server,,,,/results/temp/450/quic_server_test_version_negociation0.iev,0.0,1.0
571,quic-go,server,,,,/results/temp/557/quic_server_test_version_negociation0.iev,0.0,1.0
572,quinn,server,,,,/results/temp/60/quic_server_test_retry0.iev,0.0,1.0
573,aioquic,server,,,"ivy_return_code(1)+assumption_failed(""/usr/local/lib/python2.7/dist-packages/ivy/include/1.7/quic_packet.ivy: line 454"")",/results/temp/260/quic_server_test_retry0.iev,0.0,0.0
574,quic-go,server,,,"timeout+> tls_recv_event({protocol:tcp,addr:0,port:0x5e48},{protocol:tcp,addr:0,port:0xaf4e},932939491144097009,1,handshake,0x51a,0x581)",/results/temp/206/quic_server_test_retry0.iev,0.0,0.0
575,picoquic,server,,,,/results/temp/179/quic_server_test_retry0.iev,0.0,1.0
576,aioquic,server,,,,/results/temp/255/quic_server_test_retry0.iev,0.0,1.0
577,quic-go,server,,,,/results/temp/574/quic_server_test_version_negociation0.iev,0.0,1.0
578,aioquic,server,,,,/results/temp/266/quic_server_test_retry0.iev,0.0,1.0
579,quant,server,,,,/results/temp/17/quic_server_test_retry0.iev,0.0,1.0
580,aioquic,server,,,,/results/temp/287/quic_server_test_retry0.iev,0.0,1.0
581,quiche,server,,,"ivy_return_code(1)+assumption_failed(""quic_server_test_version_negociation.ivy: line 332"")",/results/temp/684/quic_server_test_version_negociation0.iev,0.0,0.0
582,quic-go,server,,,"ivy_return_code(1)+assumption_failed(""quic_server_test_retry.ivy: line 703"")",/results/temp/233/quic_server_test_retry0.iev,0.0,0.0
583,quic-go,server,,,,/results/temp/569/quic_server_test_version_negociation0.iev,0.0,1.0
584,,server,,,,/results/temp/484/quic_server_test_version_negociation0.iev,0.0,1.0
585,quiche,server,,,"ivy_return_code(1)+assumption_failed(""quic_server_test_retry.ivy: line 703"")",/results/temp/335/quic_server_test_retry0.iev,0.0,0.0
586,quinn,server,,,,/results/temp/80/quic_server_test_retry0.iev,0.0,1.0
587,aioquic,server,,,,/results/temp/299/quic_server_test_retry0.iev,0.0,1.0
588,quant,server,,,,/results/temp/351/quic_server_test_version_negociation0.iev,0.0,1.0
589,picoquic,server,,,,/results/temp/542/quic_server_test_version_negociation0.iev,0.0,1.0
590,quiche,server,,,"ivy_return_code(1)+assumption_failed(""quic_server_test_retry.ivy: line 703"")",/results/temp/318/quic_server_test_retry0.iev,0.0,0.0
591,aioquic,server,,,"ivy_return_code(1)+assumption_failed(""/usr/local/lib/python2.7/dist-packages/ivy/include/1.7/quic_packet.ivy: line 454"")",/results/temp/611/quic_server_test_version_negociation0.iev,0.0,0.0
592,quic-go,server,,,"ivy_return_code(1)+assumption_failed(""quic_server_test_retry.ivy: line 703"")",/results/temp/234/quic_server_test_retry0.iev,0.0,0.0
593,,server,,,,/results/temp/119/quic_server_test_retry0.iev,0.0,1.0
594,quiche,server,,,"ivy_return_code(1)+assumption_failed(""quic_server_test_version_negociation.ivy: line 332"")",/results/temp/685/quic_server_test_version_negociation0.iev,0.0,0.0
595,quant,server,,,,/results/temp/354/quic_server_test_version_negociation0.iev,0.0,1.0
596,,server,,,,/results/temp/122/quic_server_test_retry0.iev,0.0,1.0
597,picoquic,server,,,,/results/temp/544/quic_server_test_version_negociation0.iev,0.0,1.0
598,picoquic,server,,,,/results/temp/516/quic_server_test_version_negociation0.iev,0.0,1.0
599,quant,server,,,,/results/temp/28/quic_server_test_retry0.iev,0.0,1.0
600,quic-go,server,,,"ivy_return_code(1)+assumption_failed(""quic_server_test_retry.ivy: line 703"")",/results/temp/214/quic_server_test_retry0.iev,0.0,0.0
601,quiche,server,,,"ivy_return_code(1)+assumption_failed(""/usr/local/lib/python2.7/dist-packages/ivy/include/1.7/quic_packet.ivy: line 454"")",/results/temp/664/quic_server_test_version_negociation0.iev,0.0,0.0
602,quinn,server,,,,/results/temp/407/quic_server_test_version_negociation0.iev,0.0,1.0
603,aioquic,server,,,,/results/temp/615/quic_server_test_version_negociation0.iev,0.0,1.0
604,,server,,,,/results/temp/498/quic_server_test_version_negociation0.iev,0.0,1.0
605,quiche,server,,,"ivy_return_code(1)+assumption_failed(""quic_server_test_version_negociation.ivy: line 332"")",/results/temp/651/quic_server_test_version_negociation0.iev,0.0,0.0
606,quant,server,,,,/results/temp/41/quic_server_test_retry0.iev,0.0,1.0
607,quinn,server,,,,/results/temp/95/quic_server_test_retry0.iev,0.0,1.0
608,quant,server,,,"ivy_return_code(1)+assertion_failed(""/usr/local/lib/python2.7/dist-packages/ivy/include/1.7/quic_packet_retry.ivy: line 225"")",/results/temp/378/quic_server_test_version_negociation0.iev,0.0,0.0
609,,server,,,,/results/temp/490/quic_server_test_version_negociation0.iev,0.0,1.0
610,quiche,server,,,"ivy_return_code(1)+assumption_failed(""quic_server_test_retry.ivy: line 703"")",/results/temp/346/quic_server_test_retry0.iev,0.0,0.0
611,aioquic,server,,,,/results/temp/254/quic_server_test_retry0.iev,0.0,1.0
612,quic-go,server,,,"timeout+> tls_recv_event({protocol:tcp,addr:0,port:0x5fbd},{protocol:udp,addr:0,port:0x6afb},9335756172397663686,1,initial,0x1a,0x7b)",/results/temp/238/quic_server_test_retry0.iev,0.0,0.0
613,aioquic,server,,,,/results/temp/250/quic_server_test_retry0.iev,0.0,1.0
614,quiche,server,,,"ivy_return_code(1)+assumption_failed(""quic_server_test_version_negociation.ivy: line 332"")",/results/temp/650/quic_server_test_version_negociation0.iev,0.0,0.0
615,,server,,,,/results/temp/111/quic_server_test_retry0.iev,0.0,1.0
616,quinn,server,,,"ivy_return_code(1)+assumption_failed(""/usr/local/lib/python2.7/dist-packages/ivy/include/1.7/quic_packet.ivy: line 454"")",/results/temp/427/quic_server_test_version_negociation0.iev,0.0,0.0
617,quiche,server,,,"ivy_return_code(1)+assumption_failed(""quic_server_test_retry.ivy: line 703"")",/results/temp/321/quic_server_test_retry0.iev,0.0,0.0
618,picoquic,server,,,,/results/temp/534/quic_server_test_version_negociation0.iev,0.0,1.0
619,quinn,server,,,"ivy_return_code(1)+assumption_failed(""/usr/local/lib/python2.7/dist-packages/ivy/include/1.7/quic_packet.ivy: line 454"")",/results/temp/414/quic_server_test_version_negociation0.iev,0.0,0.0
620,,server,,,,/results/temp/133/quic_server_test_retry0.iev,0.0,1.0
621,picoquic,server,,,,/results/temp/173/quic_server_test_retry0.iev,0.0,1.0
622,aioquic,server,,,"ivy_return_code(1)+assumption_failed(""/usr/local/lib/python2.7/dist-packages/ivy/include/1.7/quic_packet.ivy: line 454"")",/results/temp/620/quic_server_test_version_negociation0.iev,0.0,0.0
623,quiche,server,,,"ivy_return_code(1)+assumption_failed(""quic_server_test_retry.ivy: line 703"")",/results/temp/316/quic_server_test_retry0.iev,0.0,0.0
624,quant,server,,,,/results/temp/394/quic_server_test_version_negociation0.iev,0.0,1.0
625,quant,server,,,,/results/temp/366/quic_server_test_version_negociation0.iev,0.0,1.0
626,aioquic,server,,,"ivy_return_code(1)+assumption_failed(""/usr/local/lib/python2.7/dist-packages/ivy/include/1.7/quic_packet.ivy: line 454"")",/results/temp/647/quic_server_test_version_negociation0.iev,0.0,0.0
627,quiche,server,,,"ivy_return_code(1)+assumption_failed(""quic_server_test_version_negociation.ivy: line 332"")",/results/temp/695/quic_server_test_version_negociation0.iev,0.0,0.0
628,picoquic,server,,,,/results/temp/164/quic_server_test_retry0.iev,0.0,1.0
629,quic-go,server,,,,/results/temp/580/quic_server_test_version_negociation0.iev,0.0,1.0
630,,server,,,,/results/temp/451/quic_server_test_version_negociation0.iev,0.0,1.0
631,aioquic,server,,,,/results/temp/638/quic_server_test_version_negociation0.iev,0.0,1.0
632,quinn,server,,,,/results/temp/51/quic_server_test_retry0.iev,0.0,1.0
633,aioquic,server,,,,/results/temp/294/quic_server_test_retry0.iev,0.0,1.0
634,,server,,,,/results/temp/462/quic_server_test_version_negociation0.iev,0.0,1.0
635,,server,,,,/results/temp/478/quic_server_test_version_negociation0.iev,0.0,1.0
636,picoquic,server,,,,/results/temp/532/quic_server_test_version_negociation0.iev,0.0,1.0
637,aioquic,server,,,"ivy_return_code(1)+assumption_failed(""/usr/local/lib/python2.7/dist-packages/ivy/include/1.7/quic_packet.ivy: line 454"")",/results/temp/253/quic_server_test_retry0.iev,0.0,0.0
638,,server,,,,/results/temp/128/quic_server_test_retry0.iev,0.0,1.0
639,quant,server,,,,/results/temp/22/quic_server_test_retry0.iev,0.0,1.0
640,aioquic,server,,,,/results/temp/288/quic_server_test_retry0.iev,0.0,1.0
641,aioquic,server,,,,/results/temp/279/quic_server_test_retry0.iev,0.0,1.0
642,quinn,server,,,,/results/temp/70/quic_server_test_retry0.iev,0.0,1.0
643,aioquic,server,,,"ivy_return_code(1)+assumption_failed(""/usr/local/lib/python2.7/dist-packages/ivy/include/1.7/quic_packet.ivy: line 454"")",/results/temp/630/quic_server_test_version_negociation0.iev,0.0,0.0
644,quiche,server,,,"ivy_return_code(1)+assumption_failed(""quic_server_test_retry.ivy: line 703"")",/results/temp/323/quic_server_test_retry0.iev,0.0,0.0
645,,server,,,,/results/temp/459/quic_server_test_version_negociation0.iev,0.0,1.0
646,quant,server,,,,/results/temp/6/quic_server_test_retry0.iev,0.0,1.0
647,quiche,server,,,"ivy_return_code(1)+assumption_failed(""quic_server_test_retry.ivy: line 703"")",/results/temp/342/quic_server_test_retry0.iev,0.0,0.0
648,picoquic,server,,,,/results/temp/545/quic_server_test_version_negociation0.iev,0.0,1.0
649,quant,server,,,,/results/temp/16/quic_server_test_retry0.iev,0.0,1.0
650,aioquic,server,,,"ivy_return_code(1)+assumption_failed(""/usr/local/lib/python2.7/dist-packages/ivy/include/1.7/quic_packet.ivy: line 454"")",/results/temp/259/quic_server_test_retry0.iev,0.0,0.0
651,quiche,server,,,"ivy_return_code(1)+assumption_failed(""quic_server_test_retry.ivy: line 703"")",/results/temp/302/quic_server_test_retry0.iev,0.0,0.0
652,quant,server,,,,/results/temp/35/quic_server_test_retry0.iev,0.0,1.0
653,quinn,server,,,,/results/temp/96/quic_server_test_retry0.iev,0.0,1.0
654,quic-go,server,,,,/results/temp/576/quic_server_test_version_negociation0.iev,0.0,1.0
655,quinn,server,,,,/results/temp/68/quic_server_test_retry0.iev,0.0,1.0
656,quiche,server,,,"ivy_return_code(1)+assumption_failed(""quic_server_test_retry.ivy: line 703"")",/results/temp/344/quic_server_test_retry0.iev,0.0,0.0
657,quiche,server,,,"ivy_return_code(1)+assumption_failed(""quic_server_test_retry.ivy: line 703"")",/results/temp/305/quic_server_test_retry0.iev,0.0,0.0
658,quiche,server,,,"ivy_return_code(1)+assumption_failed(""quic_server_test_retry.ivy: line 703"")",/results/temp/309/quic_server_test_retry0.iev,0.0,0.0
659,quic-go,server,,,"timeout+> tls_recv_event({protocol:tcp,addr:0,port:0xfcb0},{protocol:udp,addr:0,port:0x3a2a},14755683736313871075,1,handshake,0x3b2,0x58a)",/results/temp/235/quic_server_test_retry0.iev,0.0,0.0
660,quinn,server,,,"ivy_return_code(1)+assumption_failed(""/usr/local/lib/python2.7/dist-packages/ivy/include/1.7/quic_packet.ivy: line 454"")",/results/temp/412/quic_server_test_version_negociation0.iev,0.0,0.0
661,quant,server,,,,/results/temp/36/quic_server_test_retry0.iev,0.0,1.0
662,quinn,server,,,,/results/temp/62/quic_server_test_retry0.iev,0.0,1.0
663,,server,,,,/results/temp/463/quic_server_test_version_negociation0.iev,0.0,1.0
664,aioquic,server,,,"ivy_return_code(1)+assumption_failed(""/usr/local/lib/python2.7/dist-packages/ivy/include/1.7/quic_packet.ivy: line 454"")",/results/temp/601/quic_server_test_version_negociation0.iev,0.0,0.0
665,quinn,server,,,,/results/temp/411/quic_server_test_version_negociation0.iev,0.0,1.0
666,picoquic,server,,,,/results/temp/539/quic_server_test_version_negociation0.iev,0.0,1.0
667,picoquic,server,,,,/results/temp/195/quic_server_test_retry0.iev,0.0,1.0
668,quinn,server,,,,/results/temp/415/quic_server_test_version_negociation0.iev,0.0,1.0
669,,server,,,,/results/temp/147/quic_server_test_retry0.iev,0.0,1.0
670,aioquic,server,,,"ivy_return_code(1)+assumption_failed(""/usr/local/lib/python2.7/dist-packages/ivy/include/1.7/quic_packet.ivy: line 454"")",/results/temp/252/quic_server_test_retry0.iev,0.0,0.0
671,,server,,,,/results/temp/479/quic_server_test_version_negociation0.iev,0.0,1.0
672,,server,,,,/results/temp/461/quic_server_test_version_negociation0.iev,0.0,1.0
673,quant,server,,,,/results/temp/21/quic_server_test_retry0.iev,0.0,1.0
674,aioquic,server,,,"ivy_return_code(1)+assumption_failed(""/usr/local/lib/python2.7/dist-packages/ivy/include/1.7/quic_packet.ivy: line 454"")",/results/temp/618/quic_server_test_version_negociation0.iev,0.0,0.0
675,quic-go,server,,,,/results/temp/561/quic_server_test_version_negociation0.iev,0.0,1.0
676,,server,,,,/results/temp/496/quic_server_test_version_negociation0.iev,0.0,1.0
677,,server,,,,/results/temp/109/quic_server_test_retry0.iev,0.0,1.0
678,quinn,server,,,"ivy_return_code(1)+assumption_failed(""/usr/local/lib/python2.7/dist-packages/ivy/include/1.7/quic_packet.ivy: line 454"")",/results/temp/439/quic_server_test_version_negociation0.iev,0.0,0.0
679,quiche,server,,,"ivy_return_code(1)+assumption_failed(""quic_server_test_version_negociation.ivy: line 332"")",/results/temp/661/quic_server_test_version_negociation0.iev,0.0,0.0
680,quiche,server,,,"ivy_return_code(1)+assumption_failed(""quic_server_test_version_negociation.ivy: line 332"")",/results/temp/658/quic_server_test_version_negociation0.iev,0.0,0.0
681,,server,,,,/results/temp/135/quic_server_test_retry0.iev,0.0,1.0
682,quiche,server,,,"ivy_return_code(1)+assumption_failed(""/usr/local/lib/python2.7/dist-packages/ivy/include/1.7/quic_packet.ivy: line 454"")",/results/temp/652/quic_server_test_version_negociation0.iev,0.0,0.0
683,aioquic,server,,,,/results/temp/282/quic_server_test_retry0.iev,0.0,1.0
684,quant,server,,,"ivy_return_code(1)+assertion_failed(""/usr/local/lib/python2.7/dist-packages/ivy/include/1.7/quic_packet_retry.ivy: line 225"")",/results/temp/397/quic_server_test_version_negociation0.iev,0.0,0.0
685,picoquic,server,,,,/results/temp/181/quic_server_test_retry0.iev,0.0,1.0
686,quant,server,,,,/results/temp/385/quic_server_test_version_negociation0.iev,0.0,1.0
687,quic-go,server,,,,/results/temp/564/quic_server_test_version_negociation0.iev,0.0,1.0
688,quic-go,server,,,"ivy_return_code(1)+assumption_failed(""quic_server_test_retry.ivy: line 703"")",/results/temp/211/quic_server_test_retry0.iev,0.0,0.0
689,quiche,server,,,"ivy_return_code(1)+assumption_failed(""quic_server_test_version_negociation.ivy: line 332"")",/results/temp/680/quic_server_test_version_negociation0.iev,0.0,0.0
690,,server,,,,/results/temp/107/quic_server_test_retry0.iev,0.0,1.0
691,aioquic,server,,,,/results/temp/278/quic_server_test_retry0.iev,0.0,1.0
692,picoquic,server,,,,/results/temp/501/quic_server_test_version_negociation0.iev,0.0,1.0
693,quic-go,server,,,,/results/temp/586/quic_server_test_version_negociation0.iev,0.0,1.0
694,picoquic,server,,,,/results/temp/515/quic_server_test_version_negociation0.iev,0.0,1.0
695,quinn,server,,,,/results/temp/437/quic_server_test_version_negociation0.iev,0.0,1.0
696,picoquic,server,,,,/results/temp/196/quic_server_test_retry0.iev,0.0,1.0
697,quiche,server,,,"ivy_return_code(1)+assumption_failed(""quic_server_test_version_negociation.ivy: line 332"")",/results/temp/653/quic_server_test_version_negociation0.iev,0.0,0.0
698,,server,,,,/results/temp/139/quic_server_test_retry0.iev,0.0,1.0
699,quant,server,,,,/results/temp/355/quic_server_test_version_negociation0.iev,0.0,1.0
